2026-09-17 04:47:55.617 | DEBUG    | experiences.ressources:charger_providers:69 - [ressources] 26 instance(s) lue(s) dans /app/config/llm_gateway/providers.yaml
2026-09-17 04:47:55.858 | DEBUG    | settings:get:1035 - Configuration lue ; workdir de ce processus s'il ouvrait un run : 2026-09-17_04_47 (aucun artefact créé, cf. claim_run())
2026-09-17 04:47:55.866 | WARNING  | experiences.jeu:dependances_courantes:346 - [jeu] état du dépôt non vérifiable : ni $EXP_DEPOT_COMMIT ni `git` ne répondent. La mesure ne pourra pas être rattachée à un état du code (ticket 045, A4).
2026-09-17 04:47:58.086 | INFO     | trip_helper.osmnx_direct:<module>:54 - OSMnx HTTP mode: 1 endpoint(s): ['http://osmnx1:8090/route']
2026-09-17 04:47:58.086 | INFO     | trip_helper.osmnx_direct:<module>:66 - OSMnx HTTP concurrency limit: 3
2026-09-17 04:47:58.532 | DEBUG    | experiences.ressources:charger_providers:69 - [ressources] 26 instance(s) lue(s) dans /app/config/llm_gateway/providers.yaml
2026-09-17 04:47:58.532 | WARNING  | experiences.cli:appliquer_instances_admises:509 - [execution] instances_admises du fichier ÉCRASÉE par l'expérience : ['google_gemini31_key1', 'google_gemini31_key2'] → ['mistral_large3_key1']. Le fichier `config/config.yaml` reste la source du seul chemin `make run`.
2026-09-17 04:47:58.621 | INFO     | inputs.population.eqasim_loader:_apply_perimeter_filter:108 - [EqasimJSONPopulationLoader/cache] filtre de périmètre : 1000 → 1000 (aucun rejet)
2026-09-17 04:47:58.623 | WARNING  | experiences.jeu:dependances_courantes:346 - [jeu] état du dépôt non vérifiable : ni $EXP_DEPOT_COMMIT ni `git` ne répondent. La mesure ne pourra pas être rattachée à un état du code (ticket 045, A4).
2026-09-17 04:47:58.809 | INFO     | experiences.archive:changer_etat:291 - [execution] 2026-09-17_02_47_58 → definie
2026-09-17 04:47:58.843 | INFO     | experiences.reservations:admettre:295 - [reservations] exp_mistral-l-25_proexp05_jtir_pop-1000_PANEL_v6_jeu-20260316_EN_c_t0_nosim réserve ['mistral_key1']
/usr/local/lib/python3.12/site-packages/pydantic/_internal/_generate_schema.py:2249: UnsupportedFieldAttributeWarning: The 'validate_default' attribute with value True was provided to the `Field()` function, which has no effect in the context it was used. 'validate_default' is field-specific metadata, and can only be attached to a model field using `Annotated` metadata or by assignment. This may have happened because an `Annotated` type alias using the `type` statement was used, or if the `Field()` function was attached to a single member of a union type.
  warnings.warn(
2026-09-17 04:48:00.787 | INFO     | inputs.gtfs.reader:_joindre_catalogues_des_autres_feeds:176 - [GTFS] catalogue des lignes : 443 ligne(s) au total, dont 319 venue(s) des autres feeds en service ({'lio_gtfs': 302, 'ter_gtfs': 17}) ; 37 nom(s) court(s) déjà pris, gardés au feed primaire
2026-09-17 04:48:00.914 | INFO     | inputs.gtfs.reader:init_shape_lookup_maps:246 - [GTFS] table des tracés lue dans /services/GAMA/CityTransport/includes/shape_lookup.json (générée le 2026-09-15T06:54:28 par scripts/data/gama/export_trip_info.py) : 199 route_id, 962 tracé(s), 5965 arrêt(s) au catalogue ; réseaux {'tisseo': {'courses_retenues': 39343, 'traces_retenus': 395, 'lignes': 124, 'origine_trace': 'gtfs'}, 'ter': {'courses_retenues': 1137, 'traces_retenus': 266, 'lignes': 17, 'origine_trace': 'arrets'}, 'lio': {'courses_retenues': 1075, 'traces_retenus': 301, 'lignes': 58, 'origine_trace': 'gtfs'}} ; fraîcheur vérifiée sur routes.dbf, routes.shp, trip_info.json
2026-09-17 04:48:00.979 | INFO     | urban_mobility_agents.agents.llm_agent:__init__:548 - Long-term memory disabled — ChromaDB initialization skipped
2026-09-17 04:48:00.979 | INFO     | llm_gateway.sdk.client:__init__:162 - [gateway] restriction d'instances active sur TOUS les appels de ce client : ['mistral_large3_key1']
2026-09-17 04:48:01.007 | INFO     | experiences.runner:executer:487 - [execution] dénominateur arrêté à l'ouverture : 3161 déplacements exploitables sur 3299 attendus (138 inexploitables dérivés du jeu 'population_1000_PANEL_v6_20260316_EN_c')
2026-09-17 04:48:01.073 | INFO     | experiences.archive:changer_etat:291 - [execution] 2026-09-17_02_47_58 → en_cours
2026-09-17 04:48:01.076 | INFO     | experiences.runner:executer:540 - [execution] Début 2026-09-17_02_47_58 (exp_mistral-l-25_proexp05_jtir_pop-1000_PANEL_v6_jeu-20260316_EN_c_t0_nosim) : 3299 déplacements attendus, 894 personnes, 0 décisions déjà archivées, décideur passerelle:mistral-large-2512
2026-09-17 04:48:01.118 | INFO     | urban_mobility_agents.agents.llm_agent:_weather_eligible_days:172 - [météo] une date par agent : 366 journée(s) éligible(s) dans 2024-01-01 → 2024-12-31
2026-09-17 04:48:01.118 | WARNING  | urban_mobility_agents.utils.ancre_run:jours_ecoules:73 - [ancre] aucune ancre posée : tout ce qui dépend du nombre de jours écoulés se comporte comme au premier jour du run (progression météo figée). Attendu seulement avant le premier /sync.
2026-09-17 04:48:06.081 | INFO     | experiences.runner:boucle:387 - [execution] 0/3161 déplacements (0.0 %) · 0/894 personnes · 5 s écoulées · reste ≈ nan s · sollicitations 0 · attentes 0 
2026-09-17 04:48:11.085 | INFO     | experiences.runner:boucle:387 - [execution] 0/3161 déplacements (0.0 %) · 0/894 personnes · 10 s écoulées · reste ≈ nan s · sollicitations 0 · attentes 0 
2026-09-17 04:48:16.091 | INFO     | experiences.runner:boucle:387 - [execution] 0/3161 déplacements (0.0 %) · 0/894 personnes · 15 s écoulées · reste ≈ nan s · sollicitations 0 · attentes 0 
2026-09-17 04:48:21.104 | INFO     | experiences.runner:boucle:387 - [execution] 11/3161 déplacements (0.3 %) · 2/894 personnes · 20 s écoulées · reste ≈ 5755 s · sollicitations 8 · attentes 0 
2026-09-17 04:48:26.108 | INFO     | experiences.runner:boucle:387 - [execution] 11/3161 déplacements (0.3 %) · 2/894 personnes · 25 s écoulées · reste ≈ 7188 s · sollicitations 8 · attentes 0 
2026-09-17 04:48:31.111 | INFO     | experiences.runner:boucle:387 - [execution] 11/3161 déplacements (0.3 %) · 2/894 personnes · 30 s écoulées · reste ≈ 8621 s · sollicitations 8 · attentes 0 
2026-09-17 04:48:33.959 | ERROR    | mobility_llm.mode_choice:normalize_option_probabilities:298 - [ALARME] Vecteur de probabilités inexploitable (somme nulle) — repli sur une distribution uniforme sur 3 option(s), la décision du modèle est perdue | agent=2348 activity=3c7de4a6-a75e-563f-af29-7003907434ed
2026-09-17 04:48:36.115 | INFO     | experiences.runner:boucle:387 - [execution] 21/3161 déplacements (0.7 %) · 6/894 personnes · 35 s écoulées · reste ≈ 5250 s · sollicitations 16 · attentes 0 
2026-09-17 04:48:41.118 | INFO     | experiences.runner:boucle:387 - [execution] 21/3161 déplacements (0.7 %) · 6/894 personnes · 40 s écoulées · reste ≈ 5998 s · sollicitations 16 · attentes 0 
2026-09-17 04:48:46.129 | INFO     | experiences.runner:boucle:387 - [execution] 21/3161 déplacements (0.7 %) · 6/894 personnes · 45 s écoulées · reste ≈ 6747 s · sollicitations 16 · attentes 0 
2026-09-17 04:48:51.142 | INFO     | experiences.runner:boucle:387 - [execution] 33/3161 déplacements (1.0 %) · 8/894 personnes · 50 s écoulées · reste ≈ 4752 s · sollicitations 24 · attentes 0 
2026-09-17 04:48:56.151 | INFO     | experiences.runner:boucle:387 - [execution] 33/3161 déplacements (1.0 %) · 8/894 personnes · 55 s écoulées · reste ≈ 5227 s · sollicitations 24 · attentes 0 
2026-09-17 04:49:01.157 | INFO     | experiences.runner:boucle:387 - [execution] 33/3161 déplacements (1.0 %) · 8/894 personnes · 60 s écoulées · reste ≈ 5701 s · sollicitations 24 · attentes 0 
2026-09-17 04:49:06.166 | INFO     | experiences.runner:boucle:387 - [execution] 43/3161 déplacements (1.4 %) · 9/894 personnes · 65 s écoulées · reste ≈ 4725 s · sollicitations 32 · attentes 0 
2026-09-17 04:49:11.169 | INFO     | experiences.runner:boucle:387 - [execution] 43/3161 déplacements (1.4 %) · 9/894 personnes · 70 s écoulées · reste ≈ 5088 s · sollicitations 32 · attentes 0 
2026-09-17 04:49:16.182 | INFO     | experiences.runner:boucle:387 - [execution] 43/3161 déplacements (1.4 %) · 9/894 personnes · 75 s écoulées · reste ≈ 5451 s · sollicitations 32 · attentes 0 
2026-09-17 04:49:21.186 | INFO     | experiences.runner:boucle:387 - [execution] 43/3161 déplacements (1.4 %) · 9/894 personnes · 80 s écoulées · reste ≈ 5814 s · sollicitations 32 · attentes 0 
2026-09-17 04:49:26.198 | INFO     | experiences.runner:boucle:387 - [execution] 53/3161 déplacements (1.7 %) · 11/894 personnes · 85 s écoulées · reste ≈ 4996 s · sollicitations 40 · attentes 0 
2026-09-17 04:49:31.202 | INFO     | experiences.runner:boucle:387 - [execution] 53/3161 déplacements (1.7 %) · 11/894 personnes · 90 s écoulées · reste ≈ 5289 s · sollicitations 40 · attentes 0 
2026-09-17 04:49:36.214 | INFO     | experiences.runner:boucle:387 - [execution] 53/3161 déplacements (1.7 %) · 11/894 personnes · 95 s écoulées · reste ≈ 5583 s · sollicitations 40 · attentes 0 
2026-09-17 04:49:41.221 | INFO     | experiences.runner:boucle:387 - [execution] 64/3161 déplacements (2.0 %) · 16/894 personnes · 100 s écoulées · reste ≈ 4849 s · sollicitations 48 · attentes 0 
2026-09-17 04:49:46.228 | INFO     | experiences.runner:boucle:387 - [execution] 64/3161 déplacements (2.0 %) · 16/894 personnes · 105 s écoulées · reste ≈ 5092 s · sollicitations 48 · attentes 0 
2026-09-17 04:49:51.231 | INFO     | experiences.runner:boucle:387 - [execution] 64/3161 déplacements (2.0 %) · 16/894 personnes · 110 s écoulées · reste ≈ 5334 s · sollicitations 48 · attentes 0 
2026-09-17 04:49:56.235 | INFO     | experiences.runner:boucle:387 - [execution] 74/3161 déplacements (2.3 %) · 18/894 personnes · 115 s écoulées · reste ≈ 4807 s · sollicitations 56 · attentes 0 
2026-09-17 04:50:01.243 | INFO     | experiences.runner:boucle:387 - [execution] 74/3161 déplacements (2.3 %) · 18/894 personnes · 120 s écoulées · reste ≈ 5016 s · sollicitations 56 · attentes 0 
2026-09-17 04:50:06.251 | INFO     | experiences.runner:boucle:387 - [execution] 74/3161 déplacements (2.3 %) · 18/894 personnes · 125 s écoulées · reste ≈ 5225 s · sollicitations 56 · attentes 0 
2026-09-17 04:50:11.255 | INFO     | experiences.runner:boucle:387 - [execution] 82/3161 déplacements (2.6 %) · 21/894 personnes · 130 s écoulées · reste ≈ 4891 s · sollicitations 64 · attentes 0 
2026-09-17 04:50:16.258 | INFO     | experiences.runner:boucle:387 - [execution] 82/3161 déplacements (2.6 %) · 21/894 personnes · 135 s écoulées · reste ≈ 5079 s · sollicitations 64 · attentes 0 
2026-09-17 04:50:21.261 | INFO     | experiences.runner:boucle:387 - [execution] 82/3161 déplacements (2.6 %) · 21/894 personnes · 140 s écoulées · reste ≈ 5266 s · sollicitations 64 · attentes 0 
2026-09-17 04:50:26.264 | INFO     | experiences.runner:boucle:387 - [execution] 82/3161 déplacements (2.6 %) · 21/894 personnes · 145 s écoulées · reste ≈ 5454 s · sollicitations 64 · attentes 0 
2026-09-17 04:50:31.272 | INFO     | experiences.runner:boucle:387 - [execution] 92/3161 déplacements (2.9 %) · 24/894 personnes · 150 s écoulées · reste ≈ 5013 s · sollicitations 72 · attentes 0 
2026-09-17 04:50:36.275 | INFO     | experiences.runner:boucle:387 - [execution] 92/3161 déplacements (2.9 %) · 24/894 personnes · 155 s écoulées · reste ≈ 5180 s · sollicitations 72 · attentes 0 
2026-09-17 04:50:41.280 | INFO     | experiences.runner:boucle:387 - [execution] 92/3161 déplacements (2.9 %) · 24/894 personnes · 160 s écoulées · reste ≈ 5346 s · sollicitations 72 · attentes 0 
2026-09-17 04:50:46.288 | INFO     | experiences.runner:boucle:387 - [execution] 103/3161 déplacements (3.3 %) · 27/894 personnes · 165 s écoulées · reste ≈ 4907 s · sollicitations 80 · attentes 0 
2026-09-17 04:50:51.294 | INFO     | experiences.runner:boucle:387 - [execution] 103/3161 déplacements (3.3 %) · 27/894 personnes · 170 s écoulées · reste ≈ 5056 s · sollicitations 80 · attentes 0 
2026-09-17 04:50:56.297 | INFO     | experiences.runner:boucle:387 - [execution] 103/3161 déplacements (3.3 %) · 27/894 personnes · 175 s écoulées · reste ≈ 5204 s · sollicitations 80 · attentes 0 
2026-09-17 04:51:01.306 | INFO     | experiences.runner:boucle:387 - [execution] 118/3161 déplacements (3.7 %) · 33/894 personnes · 180 s écoulées · reste ≈ 4650 s · sollicitations 88 · attentes 0 
2026-09-17 04:51:06.310 | INFO     | experiences.runner:boucle:387 - [execution] 118/3161 déplacements (3.7 %) · 33/894 personnes · 185 s écoulées · reste ≈ 4779 s · sollicitations 88 · attentes 0 
2026-09-17 04:51:11.313 | INFO     | experiences.runner:boucle:387 - [execution] 118/3161 déplacements (3.7 %) · 33/894 personnes · 190 s écoulées · reste ≈ 4908 s · sollicitations 88 · attentes 0 
2026-09-17 04:51:13.464 | ERROR    | llm_gateway.sdk.client:_observe:427 - Task failed | task_id=d3b904a8-2142-4ce2-8432-0a420b923e7a category=itinary_multi_agent wait=15.0s error=No error detail
2026-09-17 04:51:13.465 | WARNING  | urban_mobility_agents.agents.llm_agent:evaluate_and_choose_travel_plan:1448 - aplan_trip: gateway a retourné un résultat invalide pour 36992: Format de réponse invalide ou timeout.
2026-09-17 04:51:16.315 | INFO     | experiences.runner:boucle:387 - [execution] 128/3161 déplacements (4.0 %) · 35/894 personnes · 195 s écoulées · reste ≈ 4628 s · sollicitations 96 · attentes 1 {'passerelle_occupee': 1}
2026-09-17 04:51:21.320 | INFO     | experiences.runner:boucle:387 - [execution] 128/3161 déplacements (4.0 %) · 35/894 personnes · 200 s écoulées · reste ≈ 4746 s · sollicitations 96 · attentes 1 {'passerelle_occupee': 1}
2026-09-17 04:51:26.322 | INFO     | experiences.runner:boucle:387 - [execution] 130/3161 déplacements (4.1 %) · 36/894 personnes · 205 s écoulées · reste ≈ 4787 s · sollicitations 97 · attentes 1 {'passerelle_occupee': 1}
2026-09-17 04:51:31.324 | INFO     | experiences.runner:boucle:387 - [execution] 139/3161 déplacements (4.4 %) · 39/894 personnes · 210 s écoulées · reste ≈ 4572 s · sollicitations 105 · attentes 1 {'passerelle_occupee': 1}
2026-09-17 04:51:36.329 | INFO     | experiences.runner:boucle:387 - [execution] 141/3161 déplacements (4.5 %) · 40/894 personnes · 215 s écoulées · reste ≈ 4612 s · sollicitations 106 · attentes 1 {'passerelle_occupee': 1}
2026-09-17 04:51:41.335 | INFO     | experiences.runner:boucle:387 - [execution] 155/3161 déplacements (4.9 %) · 45/894 personnes · 220 s écoulées · reste ≈ 4273 s · sollicitations 115 · attentes 1 {'passerelle_occupee': 1}
2026-09-17 04:51:46.340 | INFO     | experiences.runner:boucle:387 - [execution] 156/3161 déplacements (4.9 %) · 45/894 personnes · 225 s écoulées · reste ≈ 4341 s · sollicitations 116 · attentes 1 {'passerelle_occupee': 1}
2026-09-17 04:51:51.344 | INFO     | experiences.runner:boucle:387 - [execution] 161/3161 déplacements (5.1 %) · 48/894 personnes · 230 s écoulées · reste ≈ 4292 s · sollicitations 118 · attentes 1 {'passerelle_occupee': 1}
2026-09-17 04:51:56.348 | INFO     | experiences.runner:boucle:387 - [execution] 171/3161 déplacements (5.4 %) · 49/894 personnes · 235 s écoulées · reste ≈ 4115 s · sollicitations 126 · attentes 1 {'passerelle_occupee': 1}
2026-09-17 04:52:01.351 | INFO     | experiences.runner:boucle:387 - [execution] 172/3161 déplacements (5.4 %) · 49/894 personnes · 240 s écoulées · reste ≈ 4177 s · sollicitations 127 · attentes 1 {'passerelle_occupee': 1}
2026-09-17 04:52:06.356 | INFO     | experiences.runner:boucle:387 - [execution] 173/3161 déplacements (5.5 %) · 50/894 personnes · 245 s écoulées · reste ≈ 4238 s · sollicitations 128 · attentes 1 {'passerelle_occupee': 1}
2026-09-17 04:52:11.360 | INFO     | experiences.runner:boucle:387 - [execution] 184/3161 déplacements (5.8 %) · 53/894 personnes · 250 s écoulées · reste ≈ 4051 s · sollicitations 136 · attentes 1 {'passerelle_occupee': 1}
2026-09-17 04:52:16.364 | INFO     | experiences.runner:boucle:387 - [execution] 185/3161 déplacements (5.9 %) · 53/894 personnes · 255 s écoulées · reste ≈ 4108 s · sollicitations 137 · attentes 1 {'passerelle_occupee': 1}
2026-09-17 04:52:21.369 | INFO     | experiences.runner:boucle:387 - [execution] 194/3161 déplacements (6.1 %) · 55/894 personnes · 260 s écoulées · reste ≈ 3982 s · sollicitations 145 · attentes 1 {'passerelle_occupee': 1}
2026-09-17 04:52:26.376 | INFO     | experiences.runner:boucle:387 - [execution] 196/3161 déplacements (6.2 %) · 56/894 personnes · 265 s écoulées · reste ≈ 4014 s · sollicitations 146 · attentes 1 {'passerelle_occupee': 1}
2026-09-17 04:52:31.379 | INFO     | experiences.runner:boucle:387 - [execution] 197/3161 déplacements (6.2 %) · 56/894 personnes · 270 s écoulées · reste ≈ 4068 s · sollicitations 147 · attentes 1 {'passerelle_occupee': 1}
2026-09-17 04:52:36.383 | INFO     | experiences.runner:boucle:387 - [execution] 209/3161 déplacements (6.6 %) · 63/894 personnes · 275 s écoulées · reste ≈ 3890 s · sollicitations 156 · attentes 1 {'passerelle_occupee': 1}
2026-09-17 04:52:41.387 | INFO     | experiences.runner:boucle:387 - [execution] 210/3161 déplacements (6.6 %) · 63/894 personnes · 280 s écoulées · reste ≈ 3940 s · sollicitations 157 · attentes 1 {'passerelle_occupee': 1}
2026-09-17 04:52:46.397 | INFO     | experiences.runner:boucle:387 - [execution] 211/3161 déplacements (6.7 %) · 63/894 personnes · 285 s écoulées · reste ≈ 3990 s · sollicitations 158 · attentes 1 {'passerelle_occupee': 1}
2026-09-17 04:52:51.399 | INFO     | experiences.runner:boucle:387 - [execution] 221/3161 déplacements (7.0 %) · 65/894 personnes · 290 s écoulées · reste ≈ 3863 s · sollicitations 166 · attentes 1 {'passerelle_occupee': 1}
2026-09-17 04:52:56.404 | INFO     | experiences.runner:boucle:387 - [execution] 222/3161 déplacements (7.0 %) · 65/894 personnes · 295 s écoulées · reste ≈ 3911 s · sollicitations 167 · attentes 1 {'passerelle_occupee': 1}
2026-09-17 04:53:01.408 | INFO     | experiences.runner:boucle:387 - [execution] 233/3161 déplacements (7.4 %) · 68/894 personnes · 300 s écoulées · reste ≈ 3775 s · sollicitations 175 · attentes 1 {'passerelle_occupee': 1}
2026-09-17 04:53:06.418 | INFO     | experiences.runner:boucle:387 - [execution] 234/3161 déplacements (7.4 %) · 69/894 personnes · 305 s écoulées · reste ≈ 3820 s · sollicitations 176 · attentes 1 {'passerelle_occupee': 1}
2026-09-17 04:53:11.423 | INFO     | experiences.runner:boucle:387 - [execution] 235/3161 déplacements (7.4 %) · 69/894 personnes · 310 s écoulées · reste ≈ 3865 s · sollicitations 177 · attentes 1 {'passerelle_occupee': 1}
2026-09-17 04:53:15.328 | ERROR    | mobility_llm.mode_choice:normalize_option_probabilities:298 - [ALARME] Vecteur de probabilités inexploitable (somme nulle) — repli sur une distribution uniforme sur 3 option(s), la décision du modèle est perdue | agent=92785 activity=14be54ff-2d22-5c31-8c37-4842dcd3257d
2026-09-17 04:53:16.426 | INFO     | experiences.runner:boucle:387 - [execution] 248/3161 déplacements (7.8 %) · 75/894 personnes · 315 s écoulées · reste ≈ 3705 s · sollicitations 186 · attentes 1 {'passerelle_occupee': 1}
2026-09-17 04:53:21.435 | INFO     | experiences.runner:boucle:387 - [execution] 248/3161 déplacements (7.8 %) · 75/894 personnes · 320 s écoulées · reste ≈ 3764 s · sollicitations 186 · attentes 1 {'passerelle_occupee': 1}
2026-09-17 04:53:26.440 | INFO     | experiences.runner:boucle:387 - [execution] 250/3161 déplacements (7.9 %) · 75/894 personnes · 325 s écoulées · reste ≈ 3789 s · sollicitations 188 · attentes 1 {'passerelle_occupee': 1}
2026-09-17 04:53:31.442 | INFO     | experiences.runner:boucle:387 - [execution] 258/3161 déplacements (8.2 %) · 78/894 personnes · 330 s écoulées · reste ≈ 3718 s · sollicitations 196 · attentes 1 {'passerelle_occupee': 1}
2026-09-17 04:53:36.446 | INFO     | experiences.runner:boucle:387 - [execution] 260/3161 déplacements (8.2 %) · 78/894 personnes · 335 s écoulées · reste ≈ 3743 s · sollicitations 197 · attentes 1 {'passerelle_occupee': 1}
2026-09-17 04:53:41.451 | INFO     | experiences.runner:boucle:387 - [execution] 270/3161 déplacements (8.5 %) · 82/894 personnes · 340 s écoulées · reste ≈ 3645 s · sollicitations 205 · attentes 1 {'passerelle_occupee': 1}
2026-09-17 04:53:46.455 | INFO     | experiences.runner:boucle:387 - [execution] 271/3161 déplacements (8.6 %) · 82/894 personnes · 345 s écoulées · reste ≈ 3684 s · sollicitations 206 · attentes 1 {'passerelle_occupee': 1}
2026-09-17 04:53:51.458 | INFO     | experiences.runner:boucle:387 - [execution] 273/3161 déplacements (8.6 %) · 82/894 personnes · 350 s écoulées · reste ≈ 3707 s · sollicitations 208 · attentes 1 {'passerelle_occupee': 1}
2026-09-17 04:53:55.051 | WARNING  | mobility_llm.mode_choice:normalize_option_probabilities:277 - Probabilité perdue : index 6 hors bornes (0..5), mode 'car' non réalignable — 70 point(s) écartés | agent=122264 activity=6b3d0377-d246-538c-9f9f-69d1474141b9
2026-09-17 04:53:56.461 | INFO     | experiences.runner:boucle:387 - [execution] 284/3161 déplacements (9.0 %) · 87/894 personnes · 355 s écoulées · reste ≈ 3601 s · sollicitations 216 · attentes 1 {'passerelle_occupee': 1}
2026-09-17 04:54:01.466 | INFO     | experiences.runner:boucle:387 - [execution] 284/3161 déplacements (9.0 %) · 87/894 personnes · 360 s écoulées · reste ≈ 3652 s · sollicitations 216 · attentes 1 {'passerelle_occupee': 1}
2026-09-17 04:54:06.469 | INFO     | experiences.runner:boucle:387 - [execution] 284/3161 déplacements (9.0 %) · 87/894 personnes · 365 s écoulées · reste ≈ 3702 s · sollicitations 216 · attentes 1 {'passerelle_occupee': 1}
2026-09-17 04:54:11.471 | INFO     | experiences.runner:boucle:387 - [execution] 293/3161 déplacements (9.3 %) · 88/894 personnes · 370 s écoulées · reste ≈ 3626 s · sollicitations 224 · attentes 1 {'passerelle_occupee': 1}
2026-09-17 04:54:16.475 | INFO     | experiences.runner:boucle:387 - [execution] 293/3161 déplacements (9.3 %) · 88/894 personnes · 375 s écoulées · reste ≈ 3675 s · sollicitations 224 · attentes 1 {'passerelle_occupee': 1}
2026-09-17 04:54:21.492 | INFO     | experiences.runner:boucle:387 - [execution] 293/3161 déplacements (9.3 %) · 88/894 personnes · 380 s écoulées · reste ≈ 3724 s · sollicitations 224 · attentes 1 {'passerelle_occupee': 1}
2026-09-17 04:54:26.496 | INFO     | experiences.runner:boucle:387 - [execution] 302/3161 déplacements (9.6 %) · 93/894 personnes · 385 s écoulées · reste ≈ 3649 s · sollicitations 232 · attentes 1 {'passerelle_occupee': 1}
2026-09-17 04:54:31.504 | INFO     | experiences.runner:boucle:387 - [execution] 302/3161 déplacements (9.6 %) · 93/894 personnes · 390 s écoulées · reste ≈ 3697 s · sollicitations 232 · attentes 1 {'passerelle_occupee': 1}
2026-09-17 04:54:36.511 | INFO     | experiences.runner:boucle:387 - [execution] 302/3161 déplacements (9.6 %) · 93/894 personnes · 396 s écoulées · reste ≈ 3744 s · sollicitations 232 · attentes 1 {'passerelle_occupee': 1}
2026-09-17 04:54:41.514 | INFO     | experiences.runner:boucle:387 - [execution] 302/3161 déplacements (9.6 %) · 93/894 personnes · 401 s écoulées · reste ≈ 3792 s · sollicitations 232 · attentes 1 {'passerelle_occupee': 1}
2026-09-17 04:54:46.525 | INFO     | experiences.runner:boucle:387 - [execution] 313/3161 déplacements (9.9 %) · 99/894 personnes · 406 s écoulées · reste ≈ 3690 s · sollicitations 240 · attentes 1 {'passerelle_occupee': 1}
2026-09-17 04:54:51.528 | INFO     | experiences.runner:boucle:387 - [execution] 313/3161 déplacements (9.9 %) · 99/894 personnes · 411 s écoulées · reste ≈ 3735 s · sollicitations 240 · attentes 1 {'passerelle_occupee': 1}
2026-09-17 04:54:56.531 | INFO     | experiences.runner:boucle:387 - [execution] 313/3161 déplacements (9.9 %) · 99/894 personnes · 416 s écoulées · reste ≈ 3781 s · sollicitations 240 · attentes 1 {'passerelle_occupee': 1}
2026-09-17 04:55:01.534 | INFO     | experiences.runner:boucle:387 - [execution] 326/3161 déplacements (10.3 %) · 103/894 personnes · 421 s écoulées · reste ≈ 3657 s · sollicitations 248 · attentes 1 {'passerelle_occupee': 1}
2026-09-17 04:55:06.538 | INFO     | experiences.runner:boucle:387 - [execution] 326/3161 déplacements (10.3 %) · 103/894 personnes · 426 s écoulées · reste ≈ 3701 s · sollicitations 248 · attentes 1 {'passerelle_occupee': 1}
2026-09-17 04:55:11.545 | INFO     | experiences.runner:boucle:387 - [execution] 326/3161 déplacements (10.3 %) · 103/894 personnes · 431 s écoulées · reste ≈ 3744 s · sollicitations 248 · attentes 1 {'passerelle_occupee': 1}
2026-09-17 04:55:16.555 | INFO     | experiences.runner:boucle:387 - [execution] 338/3161 déplacements (10.7 %) · 107/894 personnes · 436 s écoulées · reste ≈ 3638 s · sollicitations 256 · attentes 1 {'passerelle_occupee': 1}
2026-09-17 04:55:21.559 | INFO     | experiences.runner:boucle:387 - [execution] 338/3161 déplacements (10.7 %) · 107/894 personnes · 441 s écoulées · reste ≈ 3680 s · sollicitations 256 · attentes 1 {'passerelle_occupee': 1}
2026-09-17 04:55:26.565 | INFO     | experiences.runner:boucle:387 - [execution] 338/3161 déplacements (10.7 %) · 107/894 personnes · 446 s écoulées · reste ≈ 3721 s · sollicitations 256 · attentes 1 {'passerelle_occupee': 1}
2026-09-17 04:55:31.569 | INFO     | experiences.runner:boucle:387 - [execution] 338/3161 déplacements (10.7 %) · 107/894 personnes · 451 s écoulées · reste ≈ 3763 s · sollicitations 256 · attentes 1 {'passerelle_occupee': 1}
2026-09-17 04:55:36.578 | INFO     | experiences.runner:boucle:387 - [execution] 346/3161 déplacements (10.9 %) · 108/894 personnes · 456 s écoulées · reste ≈ 3706 s · sollicitations 264 · attentes 1 {'passerelle_occupee': 1}
2026-09-17 04:55:41.582 | INFO     | experiences.runner:boucle:387 - [execution] 346/3161 déplacements (10.9 %) · 108/894 personnes · 461 s écoulées · reste ≈ 3747 s · sollicitations 264 · attentes 1 {'passerelle_occupee': 1}
2026-09-17 04:55:46.585 | INFO     | experiences.runner:boucle:387 - [execution] 346/3161 déplacements (10.9 %) · 108/894 personnes · 466 s écoulées · reste ≈ 3788 s · sollicitations 264 · attentes 1 {'passerelle_occupee': 1}
2026-09-17 04:55:51.589 | INFO     | experiences.runner:boucle:387 - [execution] 356/3161 déplacements (11.3 %) · 113/894 personnes · 471 s écoulées · reste ≈ 3708 s · sollicitations 272 · attentes 1 {'passerelle_occupee': 1}
2026-09-17 04:55:56.592 | INFO     | experiences.runner:boucle:387 - [execution] 356/3161 déplacements (11.3 %) · 113/894 personnes · 476 s écoulées · reste ≈ 3747 s · sollicitations 272 · attentes 1 {'passerelle_occupee': 1}
2026-09-17 04:56:01.597 | INFO     | experiences.runner:boucle:387 - [execution] 356/3161 déplacements (11.3 %) · 113/894 personnes · 481 s écoulées · reste ≈ 3787 s · sollicitations 272 · attentes 1 {'passerelle_occupee': 1}
2026-09-17 04:56:06.602 | INFO     | experiences.runner:boucle:387 - [execution] 367/3161 déplacements (11.6 %) · 114/894 personnes · 486 s écoulées · reste ≈ 3697 s · sollicitations 280 · attentes 1 {'passerelle_occupee': 1}
2026-09-17 04:56:11.606 | INFO     | experiences.runner:boucle:387 - [execution] 367/3161 déplacements (11.6 %) · 114/894 personnes · 491 s écoulées · reste ≈ 3735 s · sollicitations 280 · attentes 1 {'passerelle_occupee': 1}
2026-09-17 04:56:16.609 | INFO     | experiences.runner:boucle:387 - [execution] 367/3161 déplacements (11.6 %) · 114/894 personnes · 496 s écoulées · reste ≈ 3773 s · sollicitations 280 · attentes 1 {'passerelle_occupee': 1}
2026-09-17 04:56:21.612 | INFO     | experiences.runner:boucle:387 - [execution] 367/3161 déplacements (11.6 %) · 114/894 personnes · 501 s écoulées · reste ≈ 3811 s · sollicitations 280 · attentes 1 {'passerelle_occupee': 1}
2026-09-17 04:56:26.617 | INFO     | experiences.runner:boucle:387 - [execution] 376/3161 déplacements (11.9 %) · 118/894 personnes · 506 s écoulées · reste ≈ 3745 s · sollicitations 288 · attentes 1 {'passerelle_occupee': 1}
2026-09-17 04:56:31.620 | INFO     | experiences.runner:boucle:387 - [execution] 376/3161 déplacements (11.9 %) · 118/894 personnes · 511 s écoulées · reste ≈ 3782 s · sollicitations 288 · attentes 1 {'passerelle_occupee': 1}
2026-09-17 04:56:36.623 | INFO     | experiences.runner:boucle:387 - [execution] 376/3161 déplacements (11.9 %) · 118/894 personnes · 516 s écoulées · reste ≈ 3819 s · sollicitations 288 · attentes 1 {'passerelle_occupee': 1}
2026-09-17 04:56:41.631 | INFO     | experiences.runner:boucle:387 - [execution] 387/3161 déplacements (12.2 %) · 121/894 personnes · 521 s écoulées · reste ≈ 3732 s · sollicitations 296 · attentes 1 {'passerelle_occupee': 1}
2026-09-17 04:56:46.636 | INFO     | experiences.runner:boucle:387 - [execution] 387/3161 déplacements (12.2 %) · 121/894 personnes · 526 s écoulées · reste ≈ 3768 s · sollicitations 296 · attentes 1 {'passerelle_occupee': 1}
2026-09-17 04:56:51.641 | INFO     | experiences.runner:boucle:387 - [execution] 387/3161 déplacements (12.2 %) · 121/894 personnes · 531 s écoulées · reste ≈ 3804 s · sollicitations 296 · attentes 1 {'passerelle_occupee': 1}
2026-09-17 04:56:56.645 | INFO     | experiences.runner:boucle:387 - [execution] 387/3161 déplacements (12.2 %) · 121/894 personnes · 536 s écoulées · reste ≈ 3839 s · sollicitations 296 · attentes 1 {'passerelle_occupee': 1}
2026-09-17 04:57:01.652 | INFO     | experiences.runner:boucle:387 - [execution] 396/3161 déplacements (12.5 %) · 122/894 personnes · 541 s écoulées · reste ≈ 3775 s · sollicitations 304 · attentes 1 {'passerelle_occupee': 1}
2026-09-17 04:57:06.660 | INFO     | experiences.runner:boucle:387 - [execution] 396/3161 déplacements (12.5 %) · 122/894 personnes · 546 s écoulées · reste ≈ 3810 s · sollicitations 304 · attentes 1 {'passerelle_occupee': 1}
2026-09-17 04:57:11.665 | INFO     | experiences.runner:boucle:387 - [execution] 396/3161 déplacements (12.5 %) · 122/894 personnes · 551 s écoulées · reste ≈ 3845 s · sollicitations 304 · attentes 1 {'passerelle_occupee': 1}
2026-09-17 04:57:16.668 | INFO     | experiences.runner:boucle:387 - [execution] 404/3161 déplacements (12.8 %) · 124/894 personnes · 556 s écoulées · reste ≈ 3792 s · sollicitations 312 · attentes 1 {'passerelle_occupee': 1}
2026-09-17 04:57:21.675 | INFO     | experiences.runner:boucle:387 - [execution] 404/3161 déplacements (12.8 %) · 124/894 personnes · 561 s écoulées · reste ≈ 3826 s · sollicitations 312 · attentes 1 {'passerelle_occupee': 1}
2026-09-17 04:57:26.679 | INFO     | experiences.runner:boucle:387 - [execution] 404/3161 déplacements (12.8 %) · 124/894 personnes · 566 s écoulées · reste ≈ 3860 s · sollicitations 312 · attentes 1 {'passerelle_occupee': 1}
2026-09-17 04:57:31.682 | INFO     | experiences.runner:boucle:387 - [execution] 412/3161 déplacements (13.0 %) · 126/894 personnes · 571 s écoulées · reste ≈ 3808 s · sollicitations 320 · attentes 1 {'passerelle_occupee': 1}
2026-09-17 04:57:36.688 | INFO     | experiences.runner:boucle:387 - [execution] 412/3161 déplacements (13.0 %) · 126/894 personnes · 576 s écoulées · reste ≈ 3841 s · sollicitations 320 · attentes 1 {'passerelle_occupee': 1}
2026-09-17 04:57:41.691 | INFO     | experiences.runner:boucle:387 - [execution] 412/3161 déplacements (13.0 %) · 126/894 personnes · 581 s écoulées · reste ≈ 3874 s · sollicitations 320 · attentes 1 {'passerelle_occupee': 1}
2026-09-17 04:57:46.702 | INFO     | experiences.runner:boucle:387 - [execution] 412/3161 déplacements (13.0 %) · 126/894 personnes · 586 s écoulées · reste ≈ 3908 s · sollicitations 320 · attentes 1 {'passerelle_occupee': 1}
2026-09-17 04:57:51.707 | INFO     | experiences.runner:boucle:387 - [execution] 422/3161 déplacements (13.4 %) · 131/894 personnes · 591 s écoulées · reste ≈ 3834 s · sollicitations 328 · attentes 1 {'passerelle_occupee': 1}
2026-09-17 04:57:56.712 | INFO     | experiences.runner:boucle:387 - [execution] 422/3161 déplacements (13.4 %) · 131/894 personnes · 596 s écoulées · reste ≈ 3866 s · sollicitations 328 · attentes 1 {'passerelle_occupee': 1}
2026-09-17 04:58:01.715 | INFO     | experiences.runner:boucle:387 - [execution] 422/3161 déplacements (13.4 %) · 131/894 personnes · 601 s écoulées · reste ≈ 3899 s · sollicitations 328 · attentes 1 {'passerelle_occupee': 1}
2026-09-17 04:58:06.728 | INFO     | experiences.runner:boucle:387 - [execution] 432/3161 déplacements (13.7 %) · 133/894 personnes · 606 s écoulées · reste ≈ 3826 s · sollicitations 336 · attentes 1 {'passerelle_occupee': 1}
2026-09-17 04:58:11.735 | INFO     | experiences.runner:boucle:387 - [execution] 432/3161 déplacements (13.7 %) · 133/894 personnes · 611 s écoulées · reste ≈ 3858 s · sollicitations 336 · attentes 1 {'passerelle_occupee': 1}
2026-09-17 04:58:16.743 | INFO     | experiences.runner:boucle:387 - [execution] 432/3161 déplacements (13.7 %) · 133/894 personnes · 616 s écoulées · reste ≈ 3890 s · sollicitations 336 · attentes 1 {'passerelle_occupee': 1}
2026-09-17 04:58:21.747 | INFO     | experiences.runner:boucle:387 - [execution] 432/3161 déplacements (13.7 %) · 133/894 personnes · 621 s écoulées · reste ≈ 3921 s · sollicitations 336 · attentes 1 {'passerelle_occupee': 1}
2026-09-17 04:58:26.752 | INFO     | experiences.runner:boucle:387 - [execution] 441/3161 déplacements (14.0 %) · 136/894 personnes · 626 s écoulées · reste ≈ 3859 s · sollicitations 344 · attentes 1 {'passerelle_occupee': 1}
2026-09-17 04:58:31.755 | INFO     | experiences.runner:boucle:387 - [execution] 441/3161 déplacements (14.0 %) · 136/894 personnes · 631 s écoulées · reste ≈ 3890 s · sollicitations 344 · attentes 1 {'passerelle_occupee': 1}
2026-09-17 04:58:36.765 | INFO     | experiences.runner:boucle:387 - [execution] 441/3161 déplacements (14.0 %) · 136/894 personnes · 636 s écoulées · reste ≈ 3921 s · sollicitations 344 · attentes 1 {'passerelle_occupee': 1}
2026-09-17 04:58:41.768 | INFO     | experiences.runner:boucle:387 - [execution] 441/3161 déplacements (14.0 %) · 136/894 personnes · 641 s écoulées · reste ≈ 3952 s · sollicitations 344 · attentes 1 {'passerelle_occupee': 1}
2026-09-17 04:58:46.772 | INFO     | experiences.runner:boucle:387 - [execution] 451/3161 déplacements (14.3 %) · 140/894 personnes · 646 s écoulées · reste ≈ 3880 s · sollicitations 352 · attentes 1 {'passerelle_occupee': 1}
2026-09-17 04:58:51.779 | INFO     | experiences.runner:boucle:387 - [execution] 451/3161 déplacements (14.3 %) · 140/894 personnes · 651 s écoulées · reste ≈ 3910 s · sollicitations 352 · attentes 1 {'passerelle_occupee': 1}
2026-09-17 04:58:56.782 | INFO     | experiences.runner:boucle:387 - [execution] 451/3161 déplacements (14.3 %) · 140/894 personnes · 656 s écoulées · reste ≈ 3940 s · sollicitations 352 · attentes 1 {'passerelle_occupee': 1}
2026-09-17 04:59:01.786 | INFO     | experiences.runner:boucle:387 - [execution] 451/3161 déplacements (14.3 %) · 140/894 personnes · 661 s écoulées · reste ≈ 3971 s · sollicitations 352 · attentes 1 {'passerelle_occupee': 1}
2026-09-17 04:59:06.794 | INFO     | experiences.runner:boucle:387 - [execution] 459/3161 déplacements (14.5 %) · 140/894 personnes · 666 s écoulées · reste ≈ 3919 s · sollicitations 360 · attentes 1 {'passerelle_occupee': 1}
2026-09-17 04:59:11.806 | INFO     | experiences.runner:boucle:387 - [execution] 459/3161 déplacements (14.5 %) · 140/894 personnes · 671 s écoulées · reste ≈ 3949 s · sollicitations 360 · attentes 1 {'passerelle_occupee': 1}
2026-09-17 04:59:16.809 | INFO     | experiences.runner:boucle:387 - [execution] 459/3161 déplacements (14.5 %) · 140/894 personnes · 676 s écoulées · reste ≈ 3978 s · sollicitations 360 · attentes 1 {'passerelle_occupee': 1}
2026-09-17 04:59:21.813 | INFO     | experiences.runner:boucle:387 - [execution] 470/3161 déplacements (14.9 %) · 144/894 personnes · 681 s écoulées · reste ≈ 3898 s · sollicitations 368 · attentes 1 {'passerelle_occupee': 1}
2026-09-17 04:59:26.816 | INFO     | experiences.runner:boucle:387 - [execution] 470/3161 déplacements (14.9 %) · 144/894 personnes · 686 s écoulées · reste ≈ 3927 s · sollicitations 368 · attentes 1 {'passerelle_occupee': 1}
2026-09-17 04:59:31.824 | INFO     | experiences.runner:boucle:387 - [execution] 470/3161 déplacements (14.9 %) · 144/894 personnes · 691 s écoulées · reste ≈ 3955 s · sollicitations 368 · attentes 1 {'passerelle_occupee': 1}
2026-09-17 04:59:36.832 | INFO     | experiences.runner:boucle:387 - [execution] 470/3161 déplacements (14.9 %) · 144/894 personnes · 696 s écoulées · reste ≈ 3984 s · sollicitations 368 · attentes 1 {'passerelle_occupee': 1}
2026-09-17 04:59:41.837 | INFO     | experiences.runner:boucle:387 - [execution] 479/3161 déplacements (15.2 %) · 147/894 personnes · 701 s écoulées · reste ≈ 3924 s · sollicitations 376 · attentes 1 {'passerelle_occupee': 1}
2026-09-17 04:59:46.844 | INFO     | experiences.runner:boucle:387 - [execution] 479/3161 déplacements (15.2 %) · 147/894 personnes · 706 s écoulées · reste ≈ 3952 s · sollicitations 376 · attentes 1 {'passerelle_occupee': 1}
2026-09-17 04:59:51.853 | INFO     | experiences.runner:boucle:387 - [execution] 479/3161 déplacements (15.2 %) · 147/894 personnes · 711 s écoulées · reste ≈ 3980 s · sollicitations 376 · attentes 1 {'passerelle_occupee': 1}
2026-09-17 04:59:56.857 | INFO     | experiences.runner:boucle:387 - [execution] 490/3161 déplacements (15.5 %) · 150/894 personnes · 716 s écoulées · reste ≈ 3902 s · sollicitations 384 · attentes 1 {'passerelle_occupee': 1}
2026-09-17 05:00:01.864 | INFO     | experiences.runner:boucle:387 - [execution] 490/3161 déplacements (15.5 %) · 150/894 personnes · 721 s écoulées · reste ≈ 3929 s · sollicitations 384 · attentes 1 {'passerelle_occupee': 1}
2026-09-17 05:00:06.877 | INFO     | experiences.runner:boucle:387 - [execution] 490/3161 déplacements (15.5 %) · 150/894 personnes · 726 s écoulées · reste ≈ 3957 s · sollicitations 384 · attentes 1 {'passerelle_occupee': 1}
2026-09-17 05:00:11.882 | INFO     | experiences.runner:boucle:387 - [execution] 490/3161 déplacements (15.5 %) · 150/894 personnes · 731 s écoulées · reste ≈ 3984 s · sollicitations 384 · attentes 1 {'passerelle_occupee': 1}
2026-09-17 05:00:16.886 | INFO     | experiences.runner:boucle:387 - [execution] 500/3161 déplacements (15.8 %) · 153/894 personnes · 736 s écoulées · reste ≈ 3916 s · sollicitations 392 · attentes 1 {'passerelle_occupee': 1}
2026-09-17 05:00:21.900 | INFO     | experiences.runner:boucle:387 - [execution] 500/3161 déplacements (15.8 %) · 153/894 personnes · 741 s écoulées · reste ≈ 3943 s · sollicitations 392 · attentes 1 {'passerelle_occupee': 1}
2026-09-17 05:00:26.903 | INFO     | experiences.runner:boucle:387 - [execution] 500/3161 déplacements (15.8 %) · 153/894 personnes · 746 s écoulées · reste ≈ 3970 s · sollicitations 392 · attentes 1 {'passerelle_occupee': 1}
2026-09-17 05:00:31.906 | INFO     | experiences.runner:boucle:387 - [execution] 500/3161 déplacements (15.8 %) · 153/894 personnes · 751 s écoulées · reste ≈ 3996 s · sollicitations 392 · attentes 1 {'passerelle_occupee': 1}
2026-09-17 05:00:36.909 | INFO     | experiences.runner:boucle:387 - [execution] 511/3161 déplacements (16.2 %) · 156/894 personnes · 756 s écoulées · reste ≈ 3920 s · sollicitations 400 · attentes 1 {'passerelle_occupee': 1}
2026-09-17 05:00:41.913 | INFO     | experiences.runner:boucle:387 - [execution] 511/3161 déplacements (16.2 %) · 156/894 personnes · 761 s écoulées · reste ≈ 3946 s · sollicitations 400 · attentes 1 {'passerelle_occupee': 1}
2026-09-17 05:00:46.916 | INFO     | experiences.runner:boucle:387 - [execution] 511/3161 déplacements (16.2 %) · 156/894 personnes · 766 s écoulées · reste ≈ 3972 s · sollicitations 400 · attentes 1 {'passerelle_occupee': 1}
2026-09-17 05:00:51.920 | INFO     | experiences.runner:boucle:387 - [execution] 522/3161 déplacements (16.5 %) · 161/894 personnes · 771 s écoulées · reste ≈ 3897 s · sollicitations 408 · attentes 1 {'passerelle_occupee': 1}
2026-09-17 05:00:56.923 | INFO     | experiences.runner:boucle:387 - [execution] 522/3161 déplacements (16.5 %) · 161/894 personnes · 776 s écoulées · reste ≈ 3923 s · sollicitations 408 · attentes 1 {'passerelle_occupee': 1}
2026-09-17 05:01:01.927 | INFO     | experiences.runner:boucle:387 - [execution] 522/3161 déplacements (16.5 %) · 161/894 personnes · 781 s écoulées · reste ≈ 3948 s · sollicitations 408 · attentes 1 {'passerelle_occupee': 1}
2026-09-17 05:01:06.930 | INFO     | experiences.runner:boucle:387 - [execution] 522/3161 déplacements (16.5 %) · 161/894 personnes · 786 s écoulées · reste ≈ 3973 s · sollicitations 408 · attentes 1 {'passerelle_occupee': 1}
2026-09-17 05:01:11.944 | INFO     | experiences.runner:boucle:387 - [execution] 531/3161 déplacements (16.8 %) · 164/894 personnes · 791 s écoulées · reste ≈ 3917 s · sollicitations 416 · attentes 1 {'passerelle_occupee': 1}
2026-09-17 05:01:16.949 | INFO     | experiences.runner:boucle:387 - [execution] 531/3161 déplacements (16.8 %) · 164/894 personnes · 796 s écoulées · reste ≈ 3942 s · sollicitations 416 · attentes 1 {'passerelle_occupee': 1}
2026-09-17 05:01:21.955 | INFO     | experiences.runner:boucle:387 - [execution] 531/3161 déplacements (16.8 %) · 164/894 personnes · 801 s écoulées · reste ≈ 3967 s · sollicitations 416 · attentes 1 {'passerelle_occupee': 1}
2026-09-17 05:01:26.965 | INFO     | experiences.runner:boucle:387 - [execution] 531/3161 déplacements (16.8 %) · 164/894 personnes · 806 s écoulées · reste ≈ 3992 s · sollicitations 416 · attentes 1 {'passerelle_occupee': 1}
2026-09-17 05:01:31.970 | INFO     | experiences.runner:boucle:387 - [execution] 542/3161 déplacements (17.1 %) · 167/894 personnes · 811 s écoulées · reste ≈ 3919 s · sollicitations 424 · attentes 1 {'passerelle_occupee': 1}
2026-09-17 05:01:36.976 | INFO     | experiences.runner:boucle:387 - [execution] 542/3161 déplacements (17.1 %) · 167/894 personnes · 816 s écoulées · reste ≈ 3943 s · sollicitations 424 · attentes 1 {'passerelle_occupee': 1}
2026-09-17 05:01:41.978 | INFO     | experiences.runner:boucle:387 - [execution] 542/3161 déplacements (17.1 %) · 167/894 personnes · 821 s écoulées · reste ≈ 3967 s · sollicitations 424 · attentes 1 {'passerelle_occupee': 1}
2026-09-17 05:01:46.983 | INFO     | experiences.runner:boucle:387 - [execution] 553/3161 déplacements (17.5 %) · 171/894 personnes · 826 s écoulées · reste ≈ 3895 s · sollicitations 432 · attentes 1 {'passerelle_occupee': 1}
2026-09-17 05:01:51.988 | INFO     | experiences.runner:boucle:387 - [execution] 553/3161 déplacements (17.5 %) · 171/894 personnes · 831 s écoulées · reste ≈ 3919 s · sollicitations 432 · attentes 1 {'passerelle_occupee': 1}
2026-09-17 05:01:56.997 | INFO     | experiences.runner:boucle:387 - [execution] 553/3161 déplacements (17.5 %) · 171/894 personnes · 836 s écoulées · reste ≈ 3943 s · sollicitations 432 · attentes 1 {'passerelle_occupee': 1}
2026-09-17 05:02:02.004 | INFO     | experiences.runner:boucle:387 - [execution] 553/3161 déplacements (17.5 %) · 171/894 personnes · 841 s écoulées · reste ≈ 3966 s · sollicitations 432 · attentes 1 {'passerelle_occupee': 1}
2026-09-17 05:02:07.008 | INFO     | experiences.runner:boucle:387 - [execution] 565/3161 déplacements (17.9 %) · 175/894 personnes · 846 s écoulées · reste ≈ 3887 s · sollicitations 440 · attentes 1 {'passerelle_occupee': 1}
2026-09-17 05:02:12.012 | INFO     | experiences.runner:boucle:387 - [execution] 565/3161 déplacements (17.9 %) · 175/894 personnes · 851 s écoulées · reste ≈ 3910 s · sollicitations 440 · attentes 1 {'passerelle_occupee': 1}
2026-09-17 05:02:17.015 | INFO     | experiences.runner:boucle:387 - [execution] 565/3161 déplacements (17.9 %) · 175/894 personnes · 856 s écoulées · reste ≈ 3933 s · sollicitations 440 · attentes 1 {'passerelle_occupee': 1}
2026-09-17 05:02:22.027 | INFO     | experiences.runner:boucle:387 - [execution] 573/3161 déplacements (18.1 %) · 177/894 personnes · 861 s écoulées · reste ≈ 3889 s · sollicitations 448 · attentes 1 {'passerelle_occupee': 1}
2026-09-17 05:02:27.039 | INFO     | experiences.runner:boucle:387 - [execution] 573/3161 déplacements (18.1 %) · 177/894 personnes · 866 s écoulées · reste ≈ 3911 s · sollicitations 448 · attentes 1 {'passerelle_occupee': 1}
2026-09-17 05:02:32.043 | INFO     | experiences.runner:boucle:387 - [execution] 573/3161 déplacements (18.1 %) · 177/894 personnes · 871 s écoulées · reste ≈ 3934 s · sollicitations 448 · attentes 1 {'passerelle_occupee': 1}
2026-09-17 05:02:37.045 | INFO     | experiences.runner:boucle:387 - [execution] 582/3161 déplacements (18.4 %) · 180/894 personnes · 876 s écoulées · reste ≈ 3882 s · sollicitations 456 · attentes 1 {'passerelle_occupee': 1}
2026-09-17 05:02:42.052 | INFO     | experiences.runner:boucle:387 - [execution] 582/3161 déplacements (18.4 %) · 180/894 personnes · 881 s écoulées · reste ≈ 3904 s · sollicitations 456 · attentes 1 {'passerelle_occupee': 1}
2026-09-17 05:02:47.055 | INFO     | experiences.runner:boucle:387 - [execution] 582/3161 déplacements (18.4 %) · 180/894 personnes · 886 s écoulées · reste ≈ 3926 s · sollicitations 456 · attentes 1 {'passerelle_occupee': 1}
2026-09-17 05:02:52.058 | INFO     | experiences.runner:boucle:387 - [execution] 592/3161 déplacements (18.7 %) · 184/894 personnes · 891 s écoulées · reste ≈ 3867 s · sollicitations 464 · attentes 1 {'passerelle_occupee': 1}
2026-09-17 05:02:57.066 | INFO     | experiences.runner:boucle:387 - [execution] 592/3161 déplacements (18.7 %) · 184/894 personnes · 896 s écoulées · reste ≈ 3888 s · sollicitations 464 · attentes 1 {'passerelle_occupee': 1}
2026-09-17 05:03:02.069 | INFO     | experiences.runner:boucle:387 - [execution] 592/3161 déplacements (18.7 %) · 184/894 personnes · 901 s écoulées · reste ≈ 3910 s · sollicitations 464 · attentes 1 {'passerelle_occupee': 1}
2026-09-17 05:03:07.075 | INFO     | experiences.runner:boucle:387 - [execution] 592/3161 déplacements (18.7 %) · 184/894 personnes · 906 s écoulées · reste ≈ 3932 s · sollicitations 464 · attentes 1 {'passerelle_occupee': 1}
2026-09-17 05:03:12.080 | INFO     | experiences.runner:boucle:387 - [execution] 592/3161 déplacements (18.7 %) · 184/894 personnes · 911 s écoulées · reste ≈ 3954 s · sollicitations 464 · attentes 1 {'passerelle_occupee': 1}
2026-09-17 05:03:17.083 | INFO     | experiences.runner:boucle:387 - [execution] 612/3161 déplacements (19.4 %) · 190/894 personnes · 916 s écoulées · reste ≈ 3815 s · sollicitations 472 · attentes 1 {'passerelle_occupee': 1}
2026-09-17 05:03:22.093 | INFO     | experiences.runner:boucle:387 - [execution] 612/3161 déplacements (19.4 %) · 190/894 personnes · 921 s écoulées · reste ≈ 3836 s · sollicitations 472 · attentes 1 {'passerelle_occupee': 1}
2026-09-17 05:03:27.102 | INFO     | experiences.runner:boucle:387 - [execution] 612/3161 déplacements (19.4 %) · 190/894 personnes · 926 s écoulées · reste ≈ 3857 s · sollicitations 472 · attentes 1 {'passerelle_occupee': 1}
2026-09-17 05:03:32.106 | INFO     | experiences.runner:boucle:387 - [execution] 623/3161 déplacements (19.7 %) · 193/894 personnes · 931 s écoulées · reste ≈ 3793 s · sollicitations 480 · attentes 1 {'passerelle_occupee': 1}
2026-09-17 05:03:37.109 | INFO     | experiences.runner:boucle:387 - [execution] 623/3161 déplacements (19.7 %) · 193/894 personnes · 936 s écoulées · reste ≈ 3814 s · sollicitations 480 · attentes 1 {'passerelle_occupee': 1}
2026-09-17 05:03:42.116 | INFO     | experiences.runner:boucle:387 - [execution] 623/3161 déplacements (19.7 %) · 193/894 personnes · 941 s écoulées · reste ≈ 3834 s · sollicitations 480 · attentes 1 {'passerelle_occupee': 1}
2026-09-17 05:03:47.128 | INFO     | experiences.runner:boucle:387 - [execution] 623/3161 déplacements (19.7 %) · 193/894 personnes · 946 s écoulées · reste ≈ 3854 s · sollicitations 480 · attentes 1 {'passerelle_occupee': 1}
2026-09-17 05:03:52.138 | INFO     | experiences.runner:boucle:387 - [execution] 631/3161 déplacements (20.0 %) · 193/894 personnes · 951 s écoulées · reste ≈ 3814 s · sollicitations 488 · attentes 1 {'passerelle_occupee': 1}
2026-09-17 05:03:57.148 | INFO     | experiences.runner:boucle:387 - [execution] 631/3161 déplacements (20.0 %) · 193/894 personnes · 956 s écoulées · reste ≈ 3834 s · sollicitations 488 · attentes 1 {'passerelle_occupee': 1}
2026-09-17 05:04:02.156 | INFO     | experiences.runner:boucle:387 - [execution] 631/3161 déplacements (20.0 %) · 193/894 personnes · 961 s écoulées · reste ≈ 3854 s · sollicitations 488 · attentes 1 {'passerelle_occupee': 1}
2026-09-17 05:04:07.168 | INFO     | experiences.runner:boucle:387 - [execution] 640/3161 déplacements (20.2 %) · 195/894 personnes · 966 s écoulées · reste ≈ 3806 s · sollicitations 496 · attentes 1 {'passerelle_occupee': 1}
2026-09-17 05:04:12.172 | INFO     | experiences.runner:boucle:387 - [execution] 640/3161 déplacements (20.2 %) · 195/894 personnes · 971 s écoulées · reste ≈ 3825 s · sollicitations 496 · attentes 1 {'passerelle_occupee': 1}
2026-09-17 05:04:17.176 | INFO     | experiences.runner:boucle:387 - [execution] 640/3161 déplacements (20.2 %) · 195/894 personnes · 976 s écoulées · reste ≈ 3845 s · sollicitations 496 · attentes 1 {'passerelle_occupee': 1}
2026-09-17 05:04:22.179 | INFO     | experiences.runner:boucle:387 - [execution] 640/3161 déplacements (20.2 %) · 195/894 personnes · 981 s écoulées · reste ≈ 3865 s · sollicitations 496 · attentes 1 {'passerelle_occupee': 1}
2026-09-17 05:04:27.183 | INFO     | experiences.runner:boucle:387 - [execution] 649/3161 déplacements (20.5 %) · 195/894 personnes · 986 s écoulées · reste ≈ 3817 s · sollicitations 504 · attentes 1 {'passerelle_occupee': 1}
2026-09-17 05:04:32.187 | INFO     | experiences.runner:boucle:387 - [execution] 649/3161 déplacements (20.5 %) · 195/894 personnes · 991 s écoulées · reste ≈ 3836 s · sollicitations 504 · attentes 1 {'passerelle_occupee': 1}
2026-09-17 05:04:37.191 | INFO     | experiences.runner:boucle:387 - [execution] 649/3161 déplacements (20.5 %) · 195/894 personnes · 996 s écoulées · reste ≈ 3856 s · sollicitations 504 · attentes 1 {'passerelle_occupee': 1}
2026-09-17 05:04:42.193 | INFO     | experiences.runner:boucle:387 - [execution] 658/3161 déplacements (20.8 %) · 201/894 personnes · 1001 s écoulées · reste ≈ 3808 s · sollicitations 512 · attentes 1 {'passerelle_occupee': 1}
2026-09-17 05:04:47.196 | INFO     | experiences.runner:boucle:387 - [execution] 658/3161 déplacements (20.8 %) · 201/894 personnes · 1006 s écoulées · reste ≈ 3827 s · sollicitations 512 · attentes 1 {'passerelle_occupee': 1}
2026-09-17 05:04:52.202 | INFO     | experiences.runner:boucle:387 - [execution] 658/3161 déplacements (20.8 %) · 201/894 personnes · 1011 s écoulées · reste ≈ 3847 s · sollicitations 512 · attentes 1 {'passerelle_occupee': 1}
2026-09-17 05:04:57.205 | INFO     | experiences.runner:boucle:387 - [execution] 669/3161 déplacements (21.2 %) · 203/894 personnes · 1016 s écoulées · reste ≈ 3785 s · sollicitations 520 · attentes 1 {'passerelle_occupee': 1}
2026-09-17 05:05:02.210 | INFO     | experiences.runner:boucle:387 - [execution] 669/3161 déplacements (21.2 %) · 203/894 personnes · 1021 s écoulées · reste ≈ 3804 s · sollicitations 520 · attentes 1 {'passerelle_occupee': 1}
2026-09-17 05:05:07.219 | INFO     | experiences.runner:boucle:387 - [execution] 669/3161 déplacements (21.2 %) · 203/894 personnes · 1026 s écoulées · reste ≈ 3823 s · sollicitations 520 · attentes 1 {'passerelle_occupee': 1}
2026-09-17 05:05:12.225 | INFO     | experiences.runner:boucle:387 - [execution] 679/3161 déplacements (21.5 %) · 206/894 personnes · 1031 s écoulées · reste ≈ 3769 s · sollicitations 528 · attentes 1 {'passerelle_occupee': 1}
2026-09-17 05:05:17.232 | INFO     | experiences.runner:boucle:387 - [execution] 679/3161 déplacements (21.5 %) · 206/894 personnes · 1036 s écoulées · reste ≈ 3788 s · sollicitations 528 · attentes 1 {'passerelle_occupee': 1}
2026-09-17 05:05:22.237 | INFO     | experiences.runner:boucle:387 - [execution] 679/3161 déplacements (21.5 %) · 206/894 personnes · 1041 s écoulées · reste ≈ 3806 s · sollicitations 528 · attentes 1 {'passerelle_occupee': 1}
2026-09-17 05:05:27.241 | INFO     | experiences.runner:boucle:387 - [execution] 679/3161 déplacements (21.5 %) · 206/894 personnes · 1046 s écoulées · reste ≈ 3824 s · sollicitations 528 · attentes 1 {'passerelle_occupee': 1}
2026-09-17 05:05:32.245 | INFO     | experiences.runner:boucle:387 - [execution] 679/3161 déplacements (21.5 %) · 206/894 personnes · 1051 s écoulées · reste ≈ 3843 s · sollicitations 528 · attentes 1 {'passerelle_occupee': 1}
2026-09-17 05:05:37.250 | INFO     | experiences.runner:boucle:387 - [execution] 690/3161 déplacements (21.8 %) · 210/894 personnes · 1056 s écoulées · reste ≈ 3783 s · sollicitations 536 · attentes 1 {'passerelle_occupee': 1}
2026-09-17 05:05:42.254 | INFO     | experiences.runner:boucle:387 - [execution] 690/3161 déplacements (21.8 %) · 210/894 personnes · 1061 s écoulées · reste ≈ 3800 s · sollicitations 536 · attentes 1 {'passerelle_occupee': 1}
2026-09-17 05:05:47.258 | INFO     | experiences.runner:boucle:387 - [execution] 690/3161 déplacements (21.8 %) · 210/894 personnes · 1066 s écoulées · reste ≈ 3818 s · sollicitations 536 · attentes 1 {'passerelle_occupee': 1}
2026-09-17 05:05:52.260 | INFO     | experiences.runner:boucle:387 - [execution] 700/3161 déplacements (22.1 %) · 212/894 personnes · 1071 s écoulées · reste ≈ 3766 s · sollicitations 544 · attentes 1 {'passerelle_occupee': 1}
2026-09-17 05:05:57.270 | INFO     | experiences.runner:boucle:387 - [execution] 700/3161 déplacements (22.1 %) · 212/894 personnes · 1076 s écoulées · reste ≈ 3784 s · sollicitations 544 · attentes 1 {'passerelle_occupee': 1}
2026-09-17 05:06:02.275 | INFO     | experiences.runner:boucle:387 - [execution] 700/3161 déplacements (22.1 %) · 212/894 personnes · 1081 s écoulées · reste ≈ 3801 s · sollicitations 544 · attentes 1 {'passerelle_occupee': 1}
2026-09-17 05:06:07.282 | INFO     | experiences.runner:boucle:387 - [execution] 700/3161 déplacements (22.1 %) · 212/894 personnes · 1086 s écoulées · reste ≈ 3819 s · sollicitations 544 · attentes 1 {'passerelle_occupee': 1}
2026-09-17 05:06:12.289 | INFO     | experiences.runner:boucle:387 - [execution] 711/3161 déplacements (22.5 %) · 216/894 personnes · 1091 s écoulées · reste ≈ 3760 s · sollicitations 552 · attentes 1 {'passerelle_occupee': 1}
2026-09-17 05:06:17.294 | INFO     | experiences.runner:boucle:387 - [execution] 711/3161 déplacements (22.5 %) · 216/894 personnes · 1096 s écoulées · reste ≈ 3778 s · sollicitations 552 · attentes 1 {'passerelle_occupee': 1}
2026-09-17 05:06:22.296 | INFO     | experiences.runner:boucle:387 - [execution] 711/3161 déplacements (22.5 %) · 216/894 personnes · 1101 s écoulées · reste ≈ 3795 s · sollicitations 552 · attentes 1 {'passerelle_occupee': 1}
2026-09-17 05:06:26.726 | ERROR    | mobility_llm.mode_choice:normalize_option_probabilities:298 - [ALARME] Vecteur de probabilités inexploitable (somme nulle) — repli sur une distribution uniforme sur 2 option(s), la décision du modèle est perdue | agent=317081 activity=b6004e66-91df-55c1-93c8-4f91c831d107
2026-09-17 05:06:27.299 | INFO     | experiences.runner:boucle:387 - [execution] 722/3161 déplacements (22.8 %) · 223/894 personnes · 1106 s écoulées · reste ≈ 3737 s · sollicitations 560 · attentes 1 {'passerelle_occupee': 1}
2026-09-17 05:06:32.303 | INFO     | experiences.runner:boucle:387 - [execution] 722/3161 déplacements (22.8 %) · 223/894 personnes · 1111 s écoulées · reste ≈ 3754 s · sollicitations 560 · attentes 1 {'passerelle_occupee': 1}
2026-09-17 05:06:37.307 | INFO     | experiences.runner:boucle:387 - [execution] 722/3161 déplacements (22.8 %) · 223/894 personnes · 1116 s écoulées · reste ≈ 3771 s · sollicitations 560 · attentes 1 {'passerelle_occupee': 1}
2026-09-17 05:06:42.312 | INFO     | experiences.runner:boucle:387 - [execution] 733/3161 déplacements (23.2 %) · 226/894 personnes · 1121 s écoulées · reste ≈ 3714 s · sollicitations 568 · attentes 1 {'passerelle_occupee': 1}
2026-09-17 05:06:47.317 | INFO     | experiences.runner:boucle:387 - [execution] 733/3161 déplacements (23.2 %) · 227/894 personnes · 1126 s écoulées · reste ≈ 3731 s · sollicitations 568 · attentes 1 {'passerelle_occupee': 1}
2026-09-17 05:06:52.321 | INFO     | experiences.runner:boucle:387 - [execution] 733/3161 déplacements (23.2 %) · 227/894 personnes · 1131 s écoulées · reste ≈ 3747 s · sollicitations 568 · attentes 1 {'passerelle_occupee': 1}
2026-09-17 05:06:57.324 | INFO     | experiences.runner:boucle:387 - [execution] 733/3161 déplacements (23.2 %) · 227/894 personnes · 1136 s écoulées · reste ≈ 3764 s · sollicitations 568 · attentes 1 {'passerelle_occupee': 1}
2026-09-17 05:07:02.327 | INFO     | experiences.runner:boucle:387 - [execution] 742/3161 déplacements (23.5 %) · 227/894 personnes · 1141 s écoulées · reste ≈ 3721 s · sollicitations 576 · attentes 1 {'passerelle_occupee': 1}
2026-09-17 05:07:07.336 | INFO     | experiences.runner:boucle:387 - [execution] 742/3161 déplacements (23.5 %) · 227/894 personnes · 1146 s écoulées · reste ≈ 3737 s · sollicitations 576 · attentes 1 {'passerelle_occupee': 1}
2026-09-17 05:07:12.340 | INFO     | experiences.runner:boucle:387 - [execution] 742/3161 déplacements (23.5 %) · 227/894 personnes · 1151 s écoulées · reste ≈ 3753 s · sollicitations 576 · attentes 1 {'passerelle_occupee': 1}
2026-09-17 05:07:17.345 | INFO     | experiences.runner:boucle:387 - [execution] 751/3161 déplacements (23.8 %) · 232/894 personnes · 1156 s écoulées · reste ≈ 3711 s · sollicitations 584 · attentes 1 {'passerelle_occupee': 1}
2026-09-17 05:07:22.348 | INFO     | experiences.runner:boucle:387 - [execution] 751/3161 déplacements (23.8 %) · 232/894 personnes · 1161 s écoulées · reste ≈ 3727 s · sollicitations 584 · attentes 1 {'passerelle_occupee': 1}
2026-09-17 05:07:27.358 | INFO     | experiences.runner:boucle:387 - [execution] 751/3161 déplacements (23.8 %) · 232/894 personnes · 1166 s écoulées · reste ≈ 3743 s · sollicitations 584 · attentes 1 {'passerelle_occupee': 1}
2026-09-17 05:07:32.361 | INFO     | experiences.runner:boucle:387 - [execution] 761/3161 déplacements (24.1 %) · 236/894 personnes · 1171 s écoulées · reste ≈ 3694 s · sollicitations 592 · attentes 1 {'passerelle_occupee': 1}
2026-09-17 05:07:37.368 | INFO     | experiences.runner:boucle:387 - [execution] 761/3161 déplacements (24.1 %) · 236/894 personnes · 1176 s écoulées · reste ≈ 3710 s · sollicitations 592 · attentes 1 {'passerelle_occupee': 1}
2026-09-17 05:07:42.374 | INFO     | experiences.runner:boucle:387 - [execution] 761/3161 déplacements (24.1 %) · 236/894 personnes · 1181 s écoulées · reste ≈ 3726 s · sollicitations 592 · attentes 1 {'passerelle_occupee': 1}
2026-09-17 05:07:47.382 | INFO     | experiences.runner:boucle:387 - [execution] 769/3161 déplacements (24.3 %) · 239/894 personnes · 1186 s écoulées · reste ≈ 3690 s · sollicitations 600 · attentes 1 {'passerelle_occupee': 1}
2026-09-17 05:07:52.387 | INFO     | experiences.runner:boucle:387 - [execution] 769/3161 déplacements (24.3 %) · 239/894 personnes · 1191 s écoulées · reste ≈ 3706 s · sollicitations 600 · attentes 1 {'passerelle_occupee': 1}
2026-09-17 05:07:57.390 | INFO     | experiences.runner:boucle:387 - [execution] 769/3161 déplacements (24.3 %) · 239/894 personnes · 1196 s écoulées · reste ≈ 3721 s · sollicitations 600 · attentes 1 {'passerelle_occupee': 1}
2026-09-17 05:08:02.399 | INFO     | experiences.runner:boucle:387 - [execution] 779/3161 déplacements (24.6 %) · 243/894 personnes · 1201 s écoulées · reste ≈ 3674 s · sollicitations 608 · attentes 1 {'passerelle_occupee': 1}
2026-09-17 05:08:07.403 | INFO     | experiences.runner:boucle:387 - [execution] 779/3161 déplacements (24.6 %) · 243/894 personnes · 1206 s écoulées · reste ≈ 3689 s · sollicitations 608 · attentes 1 {'passerelle_occupee': 1}
2026-09-17 05:08:12.406 | INFO     | experiences.runner:boucle:387 - [execution] 779/3161 déplacements (24.6 %) · 243/894 personnes · 1211 s écoulées · reste ≈ 3704 s · sollicitations 608 · attentes 1 {'passerelle_occupee': 1}
2026-09-17 05:08:17.408 | INFO     | experiences.runner:boucle:387 - [execution] 779/3161 déplacements (24.6 %) · 243/894 personnes · 1216 s écoulées · reste ≈ 3719 s · sollicitations 608 · attentes 1 {'passerelle_occupee': 1}
2026-09-17 05:08:22.411 | INFO     | experiences.runner:boucle:387 - [execution] 790/3161 déplacements (25.0 %) · 246/894 personnes · 1221 s écoulées · reste ≈ 3666 s · sollicitations 616 · attentes 1 {'passerelle_occupee': 1}
2026-09-17 05:08:27.420 | INFO     | experiences.runner:boucle:387 - [execution] 790/3161 déplacements (25.0 %) · 246/894 personnes · 1226 s écoulées · reste ≈ 3681 s · sollicitations 616 · attentes 1 {'passerelle_occupee': 1}
2026-09-17 05:08:32.423 | INFO     | experiences.runner:boucle:387 - [execution] 790/3161 déplacements (25.0 %) · 246/894 personnes · 1231 s écoulées · reste ≈ 3696 s · sollicitations 616 · attentes 1 {'passerelle_occupee': 1}
2026-09-17 05:08:37.428 | INFO     | experiences.runner:boucle:387 - [execution] 799/3161 déplacements (25.3 %) · 248/894 personnes · 1236 s écoulées · reste ≈ 3655 s · sollicitations 624 · attentes 1 {'passerelle_occupee': 1}
2026-09-17 05:08:42.432 | INFO     | experiences.runner:boucle:387 - [execution] 799/3161 déplacements (25.3 %) · 248/894 personnes · 1241 s écoulées · reste ≈ 3670 s · sollicitations 624 · attentes 1 {'passerelle_occupee': 1}
2026-09-17 05:08:47.435 | INFO     | experiences.runner:boucle:387 - [execution] 799/3161 déplacements (25.3 %) · 248/894 personnes · 1246 s écoulées · reste ≈ 3685 s · sollicitations 624 · attentes 1 {'passerelle_occupee': 1}
2026-09-17 05:08:52.441 | INFO     | experiences.runner:boucle:387 - [execution] 799/3161 déplacements (25.3 %) · 248/894 personnes · 1251 s écoulées · reste ≈ 3699 s · sollicitations 624 · attentes 1 {'passerelle_occupee': 1}
2026-09-17 05:08:57.446 | INFO     | experiences.runner:boucle:387 - [execution] 808/3161 déplacements (25.6 %) · 250/894 personnes · 1256 s écoulées · reste ≈ 3659 s · sollicitations 632 · attentes 1 {'passerelle_occupee': 1}
2026-09-17 05:09:02.461 | INFO     | experiences.runner:boucle:387 - [execution] 808/3161 déplacements (25.6 %) · 250/894 personnes · 1261 s écoulées · reste ≈ 3674 s · sollicitations 632 · attentes 1 {'passerelle_occupee': 1}
2026-09-17 05:09:07.464 | INFO     | experiences.runner:boucle:387 - [execution] 808/3161 déplacements (25.6 %) · 250/894 personnes · 1266 s écoulées · reste ≈ 3688 s · sollicitations 632 · attentes 1 {'passerelle_occupee': 1}
2026-09-17 05:09:12.469 | INFO     | experiences.runner:boucle:387 - [execution] 819/3161 déplacements (25.9 %) · 256/894 personnes · 1271 s écoulées · reste ≈ 3636 s · sollicitations 640 · attentes 1 {'passerelle_occupee': 1}
2026-09-17 05:09:17.472 | INFO     | experiences.runner:boucle:387 - [execution] 819/3161 déplacements (25.9 %) · 256/894 personnes · 1276 s écoulées · reste ≈ 3650 s · sollicitations 640 · attentes 1 {'passerelle_occupee': 1}
2026-09-17 05:09:22.476 | INFO     | experiences.runner:boucle:387 - [execution] 819/3161 déplacements (25.9 %) · 256/894 personnes · 1281 s écoulées · reste ≈ 3664 s · sollicitations 640 · attentes 1 {'passerelle_occupee': 1}
2026-09-17 05:09:27.485 | INFO     | experiences.runner:boucle:387 - [execution] 827/3161 déplacements (26.2 %) · 258/894 personnes · 1286 s écoulées · reste ≈ 3631 s · sollicitations 648 · attentes 1 {'passerelle_occupee': 1}
2026-09-17 05:09:32.495 | INFO     | experiences.runner:boucle:387 - [execution] 827/3161 déplacements (26.2 %) · 258/894 personnes · 1291 s écoulées · reste ≈ 3645 s · sollicitations 648 · attentes 1 {'passerelle_occupee': 1}
2026-09-17 05:09:37.505 | INFO     | experiences.runner:boucle:387 - [execution] 827/3161 déplacements (26.2 %) · 258/894 personnes · 1296 s écoulées · reste ≈ 3659 s · sollicitations 648 · attentes 1 {'passerelle_occupee': 1}
2026-09-17 05:09:42.514 | INFO     | experiences.runner:boucle:387 - [execution] 827/3161 déplacements (26.2 %) · 258/894 personnes · 1302 s écoulées · reste ≈ 3673 s · sollicitations 648 · attentes 1 {'passerelle_occupee': 1}
2026-09-17 05:09:47.518 | INFO     | experiences.runner:boucle:387 - [execution] 837/3161 déplacements (26.5 %) · 261/894 personnes · 1307 s écoulées · reste ≈ 3628 s · sollicitations 656 · attentes 1 {'passerelle_occupee': 1}
2026-09-17 05:09:52.524 | INFO     | experiences.runner:boucle:387 - [execution] 837/3161 déplacements (26.5 %) · 261/894 personnes · 1312 s écoulées · reste ≈ 3642 s · sollicitations 656 · attentes 1 {'passerelle_occupee': 1}
2026-09-17 05:09:57.531 | INFO     | experiences.runner:boucle:387 - [execution] 837/3161 déplacements (26.5 %) · 261/894 personnes · 1317 s écoulées · reste ≈ 3655 s · sollicitations 656 · attentes 1 {'passerelle_occupee': 1}
2026-09-17 05:10:02.541 | INFO     | experiences.runner:boucle:387 - [execution] 845/3161 déplacements (26.7 %) · 262/894 personnes · 1322 s écoulées · reste ≈ 3622 s · sollicitations 664 · attentes 1 {'passerelle_occupee': 1}
2026-09-17 05:10:07.545 | INFO     | experiences.runner:boucle:387 - [execution] 845/3161 déplacements (26.7 %) · 262/894 personnes · 1327 s écoulées · reste ≈ 3636 s · sollicitations 664 · attentes 1 {'passerelle_occupee': 1}
2026-09-17 05:10:12.549 | INFO     | experiences.runner:boucle:387 - [execution] 845/3161 déplacements (26.7 %) · 262/894 personnes · 1332 s écoulées · reste ≈ 3650 s · sollicitations 664 · attentes 1 {'passerelle_occupee': 1}
2026-09-17 05:10:17.552 | INFO     | experiences.runner:boucle:387 - [execution] 845/3161 déplacements (26.7 %) · 262/894 personnes · 1337 s écoulées · reste ≈ 3663 s · sollicitations 664 · attentes 1 {'passerelle_occupee': 1}
2026-09-17 05:10:22.556 | INFO     | experiences.runner:boucle:387 - [execution] 845/3161 déplacements (26.7 %) · 262/894 personnes · 1342 s écoulées · reste ≈ 3677 s · sollicitations 664 · attentes 1 {'passerelle_occupee': 1}
2026-09-17 05:10:27.559 | INFO     | experiences.runner:boucle:387 - [execution] 855/3161 déplacements (27.0 %) · 266/894 personnes · 1347 s écoulées · reste ≈ 3632 s · sollicitations 672 · attentes 1 {'passerelle_occupee': 1}
2026-09-17 05:10:32.566 | INFO     | experiences.runner:boucle:387 - [execution] 855/3161 déplacements (27.0 %) · 266/894 personnes · 1352 s écoulées · reste ≈ 3645 s · sollicitations 672 · attentes 1 {'passerelle_occupee': 1}
2026-09-17 05:10:37.575 | INFO     | experiences.runner:boucle:387 - [execution] 855/3161 déplacements (27.0 %) · 266/894 personnes · 1357 s écoulées · reste ≈ 3659 s · sollicitations 672 · attentes 1 {'passerelle_occupee': 1}
2026-09-17 05:10:42.583 | INFO     | experiences.runner:boucle:387 - [execution] 855/3161 déplacements (27.0 %) · 266/894 personnes · 1362 s écoulées · reste ≈ 3672 s · sollicitations 672 · attentes 1 {'passerelle_occupee': 1}
2026-09-17 05:10:47.587 | INFO     | experiences.runner:boucle:387 - [execution] 867/3161 déplacements (27.4 %) · 267/894 personnes · 1367 s écoulées · reste ≈ 3616 s · sollicitations 680 · attentes 1 {'passerelle_occupee': 1}
2026-09-17 05:10:52.590 | INFO     | experiences.runner:boucle:387 - [execution] 867/3161 déplacements (27.4 %) · 267/894 personnes · 1372 s écoulées · reste ≈ 3629 s · sollicitations 680 · attentes 1 {'passerelle_occupee': 1}
2026-09-17 05:10:57.592 | INFO     | experiences.runner:boucle:387 - [execution] 867/3161 déplacements (27.4 %) · 267/894 personnes · 1377 s écoulées · reste ≈ 3642 s · sollicitations 680 · attentes 1 {'passerelle_occupee': 1}
2026-09-17 05:11:02.597 | INFO     | experiences.runner:boucle:387 - [execution] 867/3161 déplacements (27.4 %) · 267/894 personnes · 1382 s écoulées · reste ≈ 3656 s · sollicitations 680 · attentes 1 {'passerelle_occupee': 1}
2026-09-17 05:11:07.600 | INFO     | experiences.runner:boucle:387 - [execution] 878/3161 déplacements (27.8 %) · 271/894 personnes · 1387 s écoulées · reste ≈ 3605 s · sollicitations 688 · attentes 1 {'passerelle_occupee': 1}
2026-09-17 05:11:12.606 | INFO     | experiences.runner:boucle:387 - [execution] 878/3161 déplacements (27.8 %) · 271/894 personnes · 1392 s écoulées · reste ≈ 3618 s · sollicitations 688 · attentes 1 {'passerelle_occupee': 1}
2026-09-17 05:11:17.613 | INFO     | experiences.runner:boucle:387 - [execution] 878/3161 déplacements (27.8 %) · 271/894 personnes · 1397 s écoulées · reste ≈ 3631 s · sollicitations 688 · attentes 1 {'passerelle_occupee': 1}
2026-09-17 05:11:22.617 | INFO     | experiences.runner:boucle:387 - [execution] 888/3161 déplacements (28.1 %) · 272/894 personnes · 1402 s écoulées · reste ≈ 3588 s · sollicitations 696 · attentes 1 {'passerelle_occupee': 1}
2026-09-17 05:11:27.621 | INFO     | experiences.runner:boucle:387 - [execution] 888/3161 déplacements (28.1 %) · 272/894 personnes · 1407 s écoulées · reste ≈ 3600 s · sollicitations 696 · attentes 1 {'passerelle_occupee': 1}
2026-09-17 05:11:32.625 | INFO     | experiences.runner:boucle:387 - [execution] 888/3161 déplacements (28.1 %) · 272/894 personnes · 1412 s écoulées · reste ≈ 3613 s · sollicitations 696 · attentes 1 {'passerelle_occupee': 1}
2026-09-17 05:11:37.629 | INFO     | experiences.runner:boucle:387 - [execution] 898/3161 déplacements (28.4 %) · 277/894 personnes · 1417 s écoulées · reste ≈ 3570 s · sollicitations 704 · attentes 1 {'passerelle_occupee': 1}
2026-09-17 05:11:42.633 | INFO     | experiences.runner:boucle:387 - [execution] 898/3161 déplacements (28.4 %) · 277/894 personnes · 1422 s écoulées · reste ≈ 3583 s · sollicitations 704 · attentes 1 {'passerelle_occupee': 1}
2026-09-17 05:11:47.636 | INFO     | experiences.runner:boucle:387 - [execution] 898/3161 déplacements (28.4 %) · 277/894 personnes · 1427 s écoulées · reste ≈ 3595 s · sollicitations 704 · attentes 1 {'passerelle_occupee': 1}
2026-09-17 05:11:52.639 | INFO     | experiences.runner:boucle:387 - [execution] 898/3161 déplacements (28.4 %) · 277/894 personnes · 1432 s écoulées · reste ≈ 3608 s · sollicitations 704 · attentes 1 {'passerelle_occupee': 1}
2026-09-17 05:11:57.648 | INFO     | experiences.runner:boucle:387 - [execution] 898/3161 déplacements (28.4 %) · 277/894 personnes · 1437 s écoulées · reste ≈ 3620 s · sollicitations 704 · attentes 1 {'passerelle_occupee': 1}
2026-09-17 05:11:58.196 | ERROR    | mobility_llm.mode_choice:normalize_option_probabilities:298 - [ALARME] Vecteur de probabilités inexploitable (somme nulle) — repli sur une distribution uniforme sur 6 option(s), la décision du modèle est perdue | agent=406287 activity=60deeb74-c028-5d69-8a65-523bb1ff92af
2026-09-17 05:12:02.653 | INFO     | experiences.runner:boucle:387 - [execution] 908/3161 déplacements (28.7 %) · 279/894 personnes · 1442 s écoulées · reste ≈ 3577 s · sollicitations 712 · attentes 1 {'passerelle_occupee': 1}
2026-09-17 05:12:07.661 | INFO     | experiences.runner:boucle:387 - [execution] 908/3161 déplacements (28.7 %) · 279/894 personnes · 1447 s écoulées · reste ≈ 3590 s · sollicitations 712 · attentes 1 {'passerelle_occupee': 1}
2026-09-17 05:12:12.665 | INFO     | experiences.runner:boucle:387 - [execution] 908/3161 déplacements (28.7 %) · 279/894 personnes · 1452 s écoulées · reste ≈ 3602 s · sollicitations 712 · attentes 1 {'passerelle_occupee': 1}
2026-09-17 05:12:17.672 | INFO     | experiences.runner:boucle:387 - [execution] 917/3161 déplacements (29.0 %) · 282/894 personnes · 1457 s écoulées · reste ≈ 3565 s · sollicitations 720 · attentes 1 {'passerelle_occupee': 1}
2026-09-17 05:12:22.676 | INFO     | experiences.runner:boucle:387 - [execution] 917/3161 déplacements (29.0 %) · 282/894 personnes · 1462 s écoulées · reste ≈ 3577 s · sollicitations 720 · attentes 1 {'passerelle_occupee': 1}
2026-09-17 05:12:27.679 | INFO     | experiences.runner:boucle:387 - [execution] 917/3161 déplacements (29.0 %) · 282/894 personnes · 1467 s écoulées · reste ≈ 3589 s · sollicitations 720 · attentes 1 {'passerelle_occupee': 1}
2026-09-17 05:12:32.683 | INFO     | experiences.runner:boucle:387 - [execution] 926/3161 déplacements (29.3 %) · 285/894 personnes · 1472 s écoulées · reste ≈ 3552 s · sollicitations 728 · attentes 1 {'passerelle_occupee': 1}
2026-09-17 05:12:37.689 | INFO     | experiences.runner:boucle:387 - [execution] 926/3161 déplacements (29.3 %) · 285/894 personnes · 1477 s écoulées · reste ≈ 3564 s · sollicitations 728 · attentes 1 {'passerelle_occupee': 1}
2026-09-17 05:12:42.695 | INFO     | experiences.runner:boucle:387 - [execution] 926/3161 déplacements (29.3 %) · 285/894 personnes · 1482 s écoulées · reste ≈ 3576 s · sollicitations 728 · attentes 1 {'passerelle_occupee': 1}
2026-09-17 05:12:47.699 | INFO     | experiences.runner:boucle:387 - [execution] 926/3161 déplacements (29.3 %) · 285/894 personnes · 1487 s écoulées · reste ≈ 3588 s · sollicitations 728 · attentes 1 {'passerelle_occupee': 1}
2026-09-17 05:12:52.703 | INFO     | experiences.runner:boucle:387 - [execution] 926/3161 déplacements (29.3 %) · 285/894 personnes · 1492 s écoulées · reste ≈ 3600 s · sollicitations 728 · attentes 1 {'passerelle_occupee': 1}
2026-09-17 05:12:57.711 | INFO     | experiences.runner:boucle:387 - [execution] 936/3161 déplacements (29.6 %) · 292/894 personnes · 1497 s écoulées · reste ≈ 3558 s · sollicitations 736 · attentes 1 {'passerelle_occupee': 1}
2026-09-17 05:13:02.715 | INFO     | experiences.runner:boucle:387 - [execution] 936/3161 déplacements (29.6 %) · 292/894 personnes · 1502 s écoulées · reste ≈ 3570 s · sollicitations 736 · attentes 1 {'passerelle_occupee': 1}
2026-09-17 05:13:07.720 | INFO     | experiences.runner:boucle:387 - [execution] 936/3161 déplacements (29.6 %) · 292/894 personnes · 1507 s écoulées · reste ≈ 3582 s · sollicitations 736 · attentes 1 {'passerelle_occupee': 1}
2026-09-17 05:13:12.723 | INFO     | experiences.runner:boucle:387 - [execution] 953/3161 déplacements (30.1 %) · 294/894 personnes · 1512 s écoulées · reste ≈ 3502 s · sollicitations 744 · attentes 1 {'passerelle_occupee': 1}
2026-09-17 05:13:17.729 | INFO     | experiences.runner:boucle:387 - [execution] 953/3161 déplacements (30.1 %) · 294/894 personnes · 1517 s écoulées · reste ≈ 3514 s · sollicitations 744 · attentes 1 {'passerelle_occupee': 1}
2026-09-17 05:13:22.733 | INFO     | experiences.runner:boucle:387 - [execution] 953/3161 déplacements (30.1 %) · 294/894 personnes · 1522 s écoulées · reste ≈ 3526 s · sollicitations 744 · attentes 1 {'passerelle_occupee': 1}
2026-09-17 05:13:27.737 | INFO     | experiences.runner:boucle:387 - [execution] 963/3161 déplacements (30.5 %) · 296/894 personnes · 1527 s écoulées · reste ≈ 3485 s · sollicitations 752 · attentes 1 {'passerelle_occupee': 1}
2026-09-17 05:13:32.745 | INFO     | experiences.runner:boucle:387 - [execution] 963/3161 déplacements (30.5 %) · 296/894 personnes · 1532 s écoulées · reste ≈ 3496 s · sollicitations 752 · attentes 1 {'passerelle_occupee': 1}
2026-09-17 05:13:37.749 | INFO     | experiences.runner:boucle:387 - [execution] 963/3161 déplacements (30.5 %) · 296/894 personnes · 1537 s écoulées · reste ≈ 3508 s · sollicitations 752 · attentes 1 {'passerelle_occupee': 1}
2026-09-17 05:13:42.755 | INFO     | experiences.runner:boucle:387 - [execution] 963/3161 déplacements (30.5 %) · 296/894 personnes · 1542 s écoulées · reste ≈ 3519 s · sollicitations 752 · attentes 1 {'passerelle_occupee': 1}
2026-09-17 05:13:47.760 | INFO     | experiences.runner:boucle:387 - [execution] 974/3161 déplacements (30.8 %) · 297/894 personnes · 1547 s écoulées · reste ≈ 3473 s · sollicitations 760 · attentes 1 {'passerelle_occupee': 1}
2026-09-17 05:13:52.764 | INFO     | experiences.runner:boucle:387 - [execution] 974/3161 déplacements (30.8 %) · 297/894 personnes · 1552 s écoulées · reste ≈ 3484 s · sollicitations 760 · attentes 1 {'passerelle_occupee': 1}
2026-09-17 05:13:57.773 | INFO     | experiences.runner:boucle:387 - [execution] 974/3161 déplacements (30.8 %) · 297/894 personnes · 1557 s écoulées · reste ≈ 3496 s · sollicitations 760 · attentes 1 {'passerelle_occupee': 1}
2026-09-17 05:14:02.779 | INFO     | experiences.runner:boucle:387 - [execution] 974/3161 déplacements (30.8 %) · 297/894 personnes · 1562 s écoulées · reste ≈ 3507 s · sollicitations 760 · attentes 1 {'passerelle_occupee': 1}
2026-09-17 05:14:06.205 | ERROR    | mobility_llm.mode_choice:normalize_option_probabilities:298 - [ALARME] Vecteur de probabilités inexploitable (somme nulle) — repli sur une distribution uniforme sur 5 option(s), la décision du modèle est perdue | agent=461441 activity=863b17a4-c780-502a-a994-62a0433cab48
2026-09-17 05:14:07.781 | INFO     | experiences.runner:boucle:387 - [execution] 983/3161 déplacements (31.1 %) · 301/894 personnes · 1567 s écoulées · reste ≈ 3471 s · sollicitations 768 · attentes 1 {'passerelle_occupee': 1}
2026-09-17 05:14:12.785 | INFO     | experiences.runner:boucle:387 - [execution] 983/3161 déplacements (31.1 %) · 301/894 personnes · 1572 s écoulées · reste ≈ 3483 s · sollicitations 768 · attentes 1 {'passerelle_occupee': 1}
2026-09-17 05:14:17.793 | INFO     | experiences.runner:boucle:387 - [execution] 983/3161 déplacements (31.1 %) · 301/894 personnes · 1577 s écoulées · reste ≈ 3494 s · sollicitations 768 · attentes 1 {'passerelle_occupee': 1}
2026-09-17 05:14:22.797 | INFO     | experiences.runner:boucle:387 - [execution] 994/3161 déplacements (31.4 %) · 301/894 personnes · 1582 s écoulées · reste ≈ 3448 s · sollicitations 776 · attentes 1 {'passerelle_occupee': 1}
2026-09-17 05:14:27.800 | INFO     | experiences.runner:boucle:387 - [execution] 994/3161 déplacements (31.4 %) · 301/894 personnes · 1587 s écoulées · reste ≈ 3459 s · sollicitations 776 · attentes 1 {'passerelle_occupee': 1}
2026-09-17 05:14:32.807 | INFO     | experiences.runner:boucle:387 - [execution] 994/3161 déplacements (31.4 %) · 301/894 personnes · 1592 s écoulées · reste ≈ 3470 s · sollicitations 776 · attentes 1 {'passerelle_occupee': 1}
2026-09-17 05:14:37.810 | INFO     | experiences.runner:boucle:387 - [execution] 994/3161 déplacements (31.4 %) · 301/894 personnes · 1597 s écoulées · reste ≈ 3481 s · sollicitations 776 · attentes 1 {'passerelle_occupee': 1}
2026-09-17 05:14:42.815 | INFO     | experiences.runner:boucle:387 - [execution] 1007/3161 déplacements (31.9 %) · 305/894 personnes · 1602 s écoulées · reste ≈ 3426 s · sollicitations 784 · attentes 1 {'passerelle_occupee': 1}
2026-09-17 05:14:47.822 | INFO     | experiences.runner:boucle:387 - [execution] 1007/3161 déplacements (31.9 %) · 305/894 personnes · 1607 s écoulées · reste ≈ 3437 s · sollicitations 784 · attentes 1 {'passerelle_occupee': 1}
2026-09-17 05:14:52.827 | INFO     | experiences.runner:boucle:387 - [execution] 1019/3161 déplacements (32.2 %) · 310/894 personnes · 1612 s écoulées · reste ≈ 3388 s · sollicitations 792 · attentes 1 {'passerelle_occupee': 1}
2026-09-17 05:14:57.831 | INFO     | experiences.runner:boucle:387 - [execution] 1019/3161 déplacements (32.2 %) · 310/894 personnes · 1617 s écoulées · reste ≈ 3399 s · sollicitations 792 · attentes 1 {'passerelle_occupee': 1}
2026-09-17 05:15:02.836 | INFO     | experiences.runner:boucle:387 - [execution] 1019/3161 déplacements (32.2 %) · 310/894 personnes · 1622 s écoulées · reste ≈ 3409 s · sollicitations 792 · attentes 1 {'passerelle_occupee': 1}
2026-09-17 05:15:07.843 | INFO     | experiences.runner:boucle:387 - [execution] 1019/3161 déplacements (32.2 %) · 310/894 personnes · 1627 s écoulées · reste ≈ 3420 s · sollicitations 792 · attentes 1 {'passerelle_occupee': 1}
2026-09-17 05:15:12.847 | INFO     | experiences.runner:boucle:387 - [execution] 1029/3161 déplacements (32.6 %) · 312/894 personnes · 1632 s écoulées · reste ≈ 3381 s · sollicitations 800 · attentes 1 {'passerelle_occupee': 1}
2026-09-17 05:15:17.850 | INFO     | experiences.runner:boucle:387 - [execution] 1029/3161 déplacements (32.6 %) · 312/894 personnes · 1637 s écoulées · reste ≈ 3391 s · sollicitations 800 · attentes 1 {'passerelle_occupee': 1}
2026-09-17 05:15:22.856 | INFO     | experiences.runner:boucle:387 - [execution] 1029/3161 déplacements (32.6 %) · 312/894 personnes · 1642 s écoulées · reste ≈ 3402 s · sollicitations 800 · attentes 1 {'passerelle_occupee': 1}
2026-09-17 05:15:27.860 | INFO     | experiences.runner:boucle:387 - [execution] 1039/3161 déplacements (32.9 %) · 316/894 personnes · 1647 s écoulées · reste ≈ 3363 s · sollicitations 808 · attentes 1 {'passerelle_occupee': 1}
2026-09-17 05:15:32.873 | INFO     | experiences.runner:boucle:387 - [execution] 1039/3161 déplacements (32.9 %) · 316/894 personnes · 1652 s écoulées · reste ≈ 3374 s · sollicitations 808 · attentes 1 {'passerelle_occupee': 1}
2026-09-17 05:15:37.876 | INFO     | experiences.runner:boucle:387 - [execution] 1039/3161 déplacements (32.9 %) · 316/894 personnes · 1657 s écoulées · reste ≈ 3384 s · sollicitations 808 · attentes 1 {'passerelle_occupee': 1}
2026-09-17 05:15:42.880 | INFO     | experiences.runner:boucle:387 - [execution] 1049/3161 déplacements (33.2 %) · 318/894 personnes · 1662 s écoulées · reste ≈ 3346 s · sollicitations 816 · attentes 1 {'passerelle_occupee': 1}
2026-09-17 05:15:47.882 | INFO     | experiences.runner:boucle:387 - [execution] 1049/3161 déplacements (33.2 %) · 318/894 personnes · 1667 s écoulées · reste ≈ 3356 s · sollicitations 816 · attentes 1 {'passerelle_occupee': 1}
2026-09-17 05:15:52.886 | INFO     | experiences.runner:boucle:387 - [execution] 1049/3161 déplacements (33.2 %) · 318/894 personnes · 1672 s écoulées · reste ≈ 3366 s · sollicitations 816 · attentes 1 {'passerelle_occupee': 1}
2026-09-17 05:15:57.893 | INFO     | experiences.runner:boucle:387 - [execution] 1049/3161 déplacements (33.2 %) · 318/894 personnes · 1677 s écoulées · reste ≈ 3376 s · sollicitations 816 · attentes 1 {'passerelle_occupee': 1}
2026-09-17 05:16:02.898 | INFO     | experiences.runner:boucle:387 - [execution] 1059/3161 déplacements (33.5 %) · 323/894 personnes · 1682 s écoulées · reste ≈ 3338 s · sollicitations 824 · attentes 1 {'passerelle_occupee': 1}
2026-09-17 05:16:07.907 | INFO     | experiences.runner:boucle:387 - [execution] 1059/3161 déplacements (33.5 %) · 323/894 personnes · 1687 s écoulées · reste ≈ 3348 s · sollicitations 824 · attentes 1 {'passerelle_occupee': 1}
2026-09-17 05:16:12.912 | INFO     | experiences.runner:boucle:387 - [execution] 1059/3161 déplacements (33.5 %) · 323/894 personnes · 1692 s écoulées · reste ≈ 3358 s · sollicitations 824 · attentes 1 {'passerelle_occupee': 1}
2026-09-17 05:16:17.919 | INFO     | experiences.runner:boucle:387 - [execution] 1059/3161 déplacements (33.5 %) · 323/894 personnes · 1697 s écoulées · reste ≈ 3368 s · sollicitations 824 · attentes 1 {'passerelle_occupee': 1}
2026-09-17 05:16:22.922 | INFO     | experiences.runner:boucle:387 - [execution] 1072/3161 déplacements (33.9 %) · 327/894 personnes · 1702 s écoulées · reste ≈ 3316 s · sollicitations 832 · attentes 1 {'passerelle_occupee': 1}
2026-09-17 05:16:27.926 | INFO     | experiences.runner:boucle:387 - [execution] 1072/3161 déplacements (33.9 %) · 327/894 personnes · 1707 s écoulées · reste ≈ 3326 s · sollicitations 832 · attentes 1 {'passerelle_occupee': 1}
2026-09-17 05:16:32.929 | INFO     | experiences.runner:boucle:387 - [execution] 1072/3161 déplacements (33.9 %) · 327/894 personnes · 1712 s écoulées · reste ≈ 3336 s · sollicitations 832 · attentes 1 {'passerelle_occupee': 1}
2026-09-17 05:16:37.932 | INFO     | experiences.runner:boucle:387 - [execution] 1072/3161 déplacements (33.9 %) · 327/894 personnes · 1717 s écoulées · reste ≈ 3346 s · sollicitations 832 · attentes 1 {'passerelle_occupee': 1}
2026-09-17 05:16:42.938 | INFO     | experiences.runner:boucle:387 - [execution] 1082/3161 déplacements (34.2 %) · 329/894 personnes · 1722 s écoulées · reste ≈ 3309 s · sollicitations 840 · attentes 1 {'passerelle_occupee': 1}
2026-09-17 05:16:47.941 | INFO     | experiences.runner:boucle:387 - [execution] 1082/3161 déplacements (34.2 %) · 329/894 personnes · 1727 s écoulées · reste ≈ 3318 s · sollicitations 840 · attentes 1 {'passerelle_occupee': 1}
2026-09-17 05:16:52.947 | INFO     | experiences.runner:boucle:387 - [execution] 1082/3161 déplacements (34.2 %) · 329/894 personnes · 1732 s écoulées · reste ≈ 3328 s · sollicitations 840 · attentes 1 {'passerelle_occupee': 1}
2026-09-17 05:16:57.950 | INFO     | experiences.runner:boucle:387 - [execution] 1091/3161 déplacements (34.5 %) · 332/894 personnes · 1737 s écoulées · reste ≈ 3296 s · sollicitations 848 · attentes 1 {'passerelle_occupee': 1}
2026-09-17 05:17:02.954 | INFO     | experiences.runner:boucle:387 - [execution] 1091/3161 déplacements (34.5 %) · 332/894 personnes · 1742 s écoulées · reste ≈ 3305 s · sollicitations 848 · attentes 1 {'passerelle_occupee': 1}
2026-09-17 05:17:07.956 | INFO     | experiences.runner:boucle:387 - [execution] 1091/3161 déplacements (34.5 %) · 332/894 personnes · 1747 s écoulées · reste ≈ 3315 s · sollicitations 848 · attentes 1 {'passerelle_occupee': 1}
2026-09-17 05:17:12.961 | INFO     | experiences.runner:boucle:387 - [execution] 1099/3161 déplacements (34.8 %) · 334/894 personnes · 1752 s écoulées · reste ≈ 3287 s · sollicitations 856 · attentes 1 {'passerelle_occupee': 1}
2026-09-17 05:17:17.967 | INFO     | experiences.runner:boucle:387 - [execution] 1099/3161 déplacements (34.8 %) · 334/894 personnes · 1757 s écoulées · reste ≈ 3296 s · sollicitations 856 · attentes 1 {'passerelle_occupee': 1}
2026-09-17 05:17:22.974 | INFO     | experiences.runner:boucle:387 - [execution] 1099/3161 déplacements (34.8 %) · 334/894 personnes · 1762 s écoulées · reste ≈ 3306 s · sollicitations 856 · attentes 1 {'passerelle_occupee': 1}
2026-09-17 05:17:27.979 | INFO     | experiences.runner:boucle:387 - [execution] 1099/3161 déplacements (34.8 %) · 334/894 personnes · 1767 s écoulées · reste ≈ 3315 s · sollicitations 856 · attentes 1 {'passerelle_occupee': 1}
2026-09-17 05:17:32.986 | INFO     | experiences.runner:boucle:387 - [execution] 1099/3161 déplacements (34.8 %) · 334/894 personnes · 1772 s écoulées · reste ≈ 3325 s · sollicitations 856 · attentes 1 {'passerelle_occupee': 1}
2026-09-17 05:17:37.989 | INFO     | experiences.runner:boucle:387 - [execution] 1107/3161 déplacements (35.0 %) · 335/894 personnes · 1777 s écoulées · reste ≈ 3297 s · sollicitations 864 · attentes 1 {'passerelle_occupee': 1}
2026-09-17 05:17:42.996 | INFO     | experiences.runner:boucle:387 - [execution] 1107/3161 déplacements (35.0 %) · 335/894 personnes · 1782 s écoulées · reste ≈ 3306 s · sollicitations 864 · attentes 1 {'passerelle_occupee': 1}
2026-09-17 05:17:47.999 | INFO     | experiences.runner:boucle:387 - [execution] 1107/3161 déplacements (35.0 %) · 335/894 personnes · 1787 s écoulées · reste ≈ 3316 s · sollicitations 864 · attentes 1 {'passerelle_occupee': 1}
2026-09-17 05:17:53.007 | INFO     | experiences.runner:boucle:387 - [execution] 1107/3161 déplacements (35.0 %) · 335/894 personnes · 1792 s écoulées · reste ≈ 3325 s · sollicitations 864 · attentes 1 {'passerelle_occupee': 1}
2026-09-17 05:17:58.010 | INFO     | experiences.runner:boucle:387 - [execution] 1117/3161 déplacements (35.3 %) · 340/894 personnes · 1797 s écoulées · reste ≈ 3288 s · sollicitations 872 · attentes 1 {'passerelle_occupee': 1}
2026-09-17 05:18:03.014 | INFO     | experiences.runner:boucle:387 - [execution] 1117/3161 déplacements (35.3 %) · 340/894 personnes · 1802 s écoulées · reste ≈ 3297 s · sollicitations 872 · attentes 1 {'passerelle_occupee': 1}
2026-09-17 05:18:08.022 | INFO     | experiences.runner:boucle:387 - [execution] 1117/3161 déplacements (35.3 %) · 340/894 personnes · 1807 s écoulées · reste ≈ 3307 s · sollicitations 872 · attentes 1 {'passerelle_occupee': 1}
2026-09-17 05:18:13.026 | INFO     | experiences.runner:boucle:387 - [execution] 1126/3161 déplacements (35.6 %) · 341/894 personnes · 1812 s écoulées · reste ≈ 3275 s · sollicitations 880 · attentes 1 {'passerelle_occupee': 1}
2026-09-17 05:18:18.032 | INFO     | experiences.runner:boucle:387 - [execution] 1126/3161 déplacements (35.6 %) · 341/894 personnes · 1817 s écoulées · reste ≈ 3284 s · sollicitations 880 · attentes 1 {'passerelle_occupee': 1}
2026-09-17 05:18:23.035 | INFO     | experiences.runner:boucle:387 - [execution] 1126/3161 déplacements (35.6 %) · 341/894 personnes · 1822 s écoulées · reste ≈ 3293 s · sollicitations 880 · attentes 1 {'passerelle_occupee': 1}
2026-09-17 05:18:28.043 | INFO     | experiences.runner:boucle:387 - [execution] 1126/3161 déplacements (35.6 %) · 341/894 personnes · 1827 s écoulées · reste ≈ 3302 s · sollicitations 880 · attentes 1 {'passerelle_occupee': 1}
2026-09-17 05:18:33.048 | INFO     | experiences.runner:boucle:387 - [execution] 1137/3161 déplacements (36.0 %) · 345/894 personnes · 1832 s écoulées · reste ≈ 3261 s · sollicitations 888 · attentes 1 {'passerelle_occupee': 1}
2026-09-17 05:18:38.052 | INFO     | experiences.runner:boucle:387 - [execution] 1137/3161 déplacements (36.0 %) · 345/894 personnes · 1837 s écoulées · reste ≈ 3270 s · sollicitations 888 · attentes 1 {'passerelle_occupee': 1}
2026-09-17 05:18:43.055 | INFO     | experiences.runner:boucle:387 - [execution] 1137/3161 déplacements (36.0 %) · 345/894 personnes · 1842 s écoulées · reste ≈ 3279 s · sollicitations 888 · attentes 1 {'passerelle_occupee': 1}
2026-09-17 05:18:48.058 | INFO     | experiences.runner:boucle:387 - [execution] 1146/3161 déplacements (36.3 %) · 345/894 personnes · 1847 s écoulées · reste ≈ 3248 s · sollicitations 896 · attentes 1 {'passerelle_occupee': 1}
2026-09-17 05:18:53.061 | INFO     | experiences.runner:boucle:387 - [execution] 1146/3161 déplacements (36.3 %) · 345/894 personnes · 1852 s écoulées · reste ≈ 3256 s · sollicitations 896 · attentes 1 {'passerelle_occupee': 1}
2026-09-17 05:18:58.064 | INFO     | experiences.runner:boucle:387 - [execution] 1146/3161 déplacements (36.3 %) · 345/894 personnes · 1857 s écoulées · reste ≈ 3265 s · sollicitations 896 · attentes 1 {'passerelle_occupee': 1}
2026-09-17 05:19:03.067 | INFO     | experiences.runner:boucle:387 - [execution] 1156/3161 déplacements (36.6 %) · 347/894 personnes · 1862 s écoulées · reste ≈ 3230 s · sollicitations 904 · attentes 1 {'passerelle_occupee': 1}
2026-09-17 05:19:08.071 | INFO     | experiences.runner:boucle:387 - [execution] 1156/3161 déplacements (36.6 %) · 347/894 personnes · 1867 s écoulées · reste ≈ 3238 s · sollicitations 904 · attentes 1 {'passerelle_occupee': 1}
2026-09-17 05:19:13.074 | INFO     | experiences.runner:boucle:387 - [execution] 1156/3161 déplacements (36.6 %) · 347/894 personnes · 1872 s écoulées · reste ≈ 3247 s · sollicitations 904 · attentes 1 {'passerelle_occupee': 1}
2026-09-17 05:19:18.078 | INFO     | experiences.runner:boucle:387 - [execution] 1165/3161 déplacements (36.9 %) · 350/894 personnes · 1877 s écoulées · reste ≈ 3216 s · sollicitations 912 · attentes 1 {'passerelle_occupee': 1}
2026-09-17 05:19:23.082 | INFO     | experiences.runner:boucle:387 - [execution] 1165/3161 déplacements (36.9 %) · 350/894 personnes · 1882 s écoulées · reste ≈ 3225 s · sollicitations 912 · attentes 1 {'passerelle_occupee': 1}
2026-09-17 05:19:28.089 | INFO     | experiences.runner:boucle:387 - [execution] 1165/3161 déplacements (36.9 %) · 350/894 personnes · 1887 s écoulées · reste ≈ 3233 s · sollicitations 912 · attentes 1 {'passerelle_occupee': 1}
2026-09-17 05:19:33.093 | INFO     | experiences.runner:boucle:387 - [execution] 1175/3161 déplacements (37.2 %) · 353/894 personnes · 1892 s écoulées · reste ≈ 3198 s · sollicitations 920 · attentes 1 {'passerelle_occupee': 1}
2026-09-17 05:19:38.097 | INFO     | experiences.runner:boucle:387 - [execution] 1175/3161 déplacements (37.2 %) · 353/894 personnes · 1897 s écoulées · reste ≈ 3206 s · sollicitations 920 · attentes 1 {'passerelle_occupee': 1}
2026-09-17 05:19:43.106 | INFO     | experiences.runner:boucle:387 - [execution] 1175/3161 déplacements (37.2 %) · 353/894 personnes · 1902 s écoulées · reste ≈ 3215 s · sollicitations 920 · attentes 1 {'passerelle_occupee': 1}
2026-09-17 05:19:48.111 | INFO     | experiences.runner:boucle:387 - [execution] 1185/3161 déplacements (37.5 %) · 354/894 personnes · 1907 s écoulées · reste ≈ 3180 s · sollicitations 928 · attentes 1 {'passerelle_occupee': 1}
2026-09-17 05:19:53.119 | INFO     | experiences.runner:boucle:387 - [execution] 1185/3161 déplacements (37.5 %) · 354/894 personnes · 1912 s écoulées · reste ≈ 3188 s · sollicitations 928 · attentes 1 {'passerelle_occupee': 1}
2026-09-17 05:19:58.128 | INFO     | experiences.runner:boucle:387 - [execution] 1185/3161 déplacements (37.5 %) · 354/894 personnes · 1917 s écoulées · reste ≈ 3197 s · sollicitations 928 · attentes 1 {'passerelle_occupee': 1}
2026-09-17 05:20:03.131 | INFO     | experiences.runner:boucle:387 - [execution] 1185/3161 déplacements (37.5 %) · 354/894 personnes · 1922 s écoulées · reste ≈ 3205 s · sollicitations 928 · attentes 1 {'passerelle_occupee': 1}
2026-09-17 05:20:08.135 | INFO     | experiences.runner:boucle:387 - [execution] 1196/3161 déplacements (37.8 %) · 358/894 personnes · 1927 s écoulées · reste ≈ 3166 s · sollicitations 936 · attentes 1 {'passerelle_occupee': 1}
2026-09-17 05:20:13.139 | INFO     | experiences.runner:boucle:387 - [execution] 1196/3161 déplacements (37.8 %) · 358/894 personnes · 1932 s écoulées · reste ≈ 3174 s · sollicitations 936 · attentes 1 {'passerelle_occupee': 1}
2026-09-17 05:20:18.146 | INFO     | experiences.runner:boucle:387 - [execution] 1196/3161 déplacements (37.8 %) · 358/894 personnes · 1937 s écoulées · reste ≈ 3183 s · sollicitations 936 · attentes 1 {'passerelle_occupee': 1}
2026-09-17 05:20:23.149 | INFO     | experiences.runner:boucle:387 - [execution] 1209/3161 déplacements (38.2 %) · 363/894 personnes · 1942 s écoulées · reste ≈ 3136 s · sollicitations 944 · attentes 1 {'passerelle_occupee': 1}
2026-09-17 05:20:28.154 | INFO     | experiences.runner:boucle:387 - [execution] 1209/3161 déplacements (38.2 %) · 363/894 personnes · 1947 s écoulées · reste ≈ 3144 s · sollicitations 944 · attentes 1 {'passerelle_occupee': 1}
2026-09-17 05:20:33.156 | INFO     | experiences.runner:boucle:387 - [execution] 1209/3161 déplacements (38.2 %) · 363/894 personnes · 1952 s écoulées · reste ≈ 3152 s · sollicitations 944 · attentes 1 {'passerelle_occupee': 1}
2026-09-17 05:20:38.161 | INFO     | experiences.runner:boucle:387 - [execution] 1219/3161 déplacements (38.6 %) · 364/894 personnes · 1957 s écoulées · reste ≈ 3118 s · sollicitations 952 · attentes 1 {'passerelle_occupee': 1}
2026-09-17 05:20:43.170 | INFO     | experiences.runner:boucle:387 - [execution] 1219/3161 déplacements (38.6 %) · 364/894 personnes · 1962 s écoulées · reste ≈ 3126 s · sollicitations 952 · attentes 1 {'passerelle_occupee': 1}
2026-09-17 05:20:48.180 | INFO     | experiences.runner:boucle:387 - [execution] 1219/3161 déplacements (38.6 %) · 364/894 personnes · 1967 s écoulées · reste ≈ 3134 s · sollicitations 952 · attentes 1 {'passerelle_occupee': 1}
2026-09-17 05:20:53.185 | INFO     | experiences.runner:boucle:387 - [execution] 1219/3161 déplacements (38.6 %) · 364/894 personnes · 1972 s écoulées · reste ≈ 3142 s · sollicitations 952 · attentes 1 {'passerelle_occupee': 1}
2026-09-17 05:20:58.194 | INFO     | experiences.runner:boucle:387 - [execution] 1228/3161 déplacements (38.8 %) · 366/894 personnes · 1977 s écoulées · reste ≈ 3112 s · sollicitations 960 · attentes 1 {'passerelle_occupee': 1}
2026-09-17 05:21:03.205 | INFO     | experiences.runner:boucle:387 - [execution] 1228/3161 déplacements (38.8 %) · 366/894 personnes · 1982 s écoulées · reste ≈ 3120 s · sollicitations 960 · attentes 1 {'passerelle_occupee': 1}
2026-09-17 05:21:08.215 | INFO     | experiences.runner:boucle:387 - [execution] 1228/3161 déplacements (38.8 %) · 366/894 personnes · 1987 s écoulées · reste ≈ 3128 s · sollicitations 960 · attentes 1 {'passerelle_occupee': 1}
2026-09-17 05:21:13.227 | INFO     | experiences.runner:boucle:387 - [execution] 1237/3161 déplacements (39.1 %) · 369/894 personnes · 1992 s écoulées · reste ≈ 3099 s · sollicitations 968 · attentes 1 {'passerelle_occupee': 1}
2026-09-17 05:21:18.230 | INFO     | experiences.runner:boucle:387 - [execution] 1237/3161 déplacements (39.1 %) · 369/894 personnes · 1997 s écoulées · reste ≈ 3106 s · sollicitations 968 · attentes 1 {'passerelle_occupee': 1}
2026-09-17 05:21:23.234 | INFO     | experiences.runner:boucle:387 - [execution] 1237/3161 déplacements (39.1 %) · 369/894 personnes · 2002 s écoulées · reste ≈ 3114 s · sollicitations 968 · attentes 1 {'passerelle_occupee': 1}
2026-09-17 05:21:28.238 | INFO     | experiences.runner:boucle:387 - [execution] 1249/3161 déplacements (39.5 %) · 373/894 personnes · 2007 s écoulées · reste ≈ 3073 s · sollicitations 976 · attentes 1 {'passerelle_occupee': 1}
2026-09-17 05:21:33.242 | INFO     | experiences.runner:boucle:387 - [execution] 1249/3161 déplacements (39.5 %) · 373/894 personnes · 2012 s écoulées · reste ≈ 3080 s · sollicitations 976 · attentes 1 {'passerelle_occupee': 1}
2026-09-17 05:21:38.247 | INFO     | experiences.runner:boucle:387 - [execution] 1249/3161 déplacements (39.5 %) · 373/894 personnes · 2017 s écoulées · reste ≈ 3088 s · sollicitations 976 · attentes 1 {'passerelle_occupee': 1}
2026-09-17 05:21:43.250 | INFO     | experiences.runner:boucle:387 - [execution] 1249/3161 déplacements (39.5 %) · 373/894 personnes · 2022 s écoulées · reste ≈ 3096 s · sollicitations 976 · attentes 1 {'passerelle_occupee': 1}
2026-09-17 05:21:48.256 | INFO     | experiences.runner:boucle:387 - [execution] 1261/3161 déplacements (39.9 %) · 376/894 personnes · 2027 s écoulées · reste ≈ 3055 s · sollicitations 984 · attentes 1 {'passerelle_occupee': 1}
2026-09-17 05:21:53.265 | INFO     | experiences.runner:boucle:387 - [execution] 1261/3161 déplacements (39.9 %) · 376/894 personnes · 2032 s écoulées · reste ≈ 3062 s · sollicitations 984 · attentes 1 {'passerelle_occupee': 1}
2026-09-17 05:21:58.272 | INFO     | experiences.runner:boucle:387 - [execution] 1261/3161 déplacements (39.9 %) · 376/894 personnes · 2037 s écoulées · reste ≈ 3070 s · sollicitations 984 · attentes 1 {'passerelle_occupee': 1}
2026-09-17 05:22:03.275 | INFO     | experiences.runner:boucle:387 - [execution] 1272/3161 déplacements (40.2 %) · 380/894 personnes · 2042 s écoulées · reste ≈ 3033 s · sollicitations 992 · attentes 1 {'passerelle_occupee': 1}
2026-09-17 05:22:08.281 | INFO     | experiences.runner:boucle:387 - [execution] 1272/3161 déplacements (40.2 %) · 380/894 personnes · 2047 s écoulées · reste ≈ 3040 s · sollicitations 992 · attentes 1 {'passerelle_occupee': 1}
2026-09-17 05:22:13.283 | INFO     | experiences.runner:boucle:387 - [execution] 1272/3161 déplacements (40.2 %) · 380/894 personnes · 2052 s écoulées · reste ≈ 3048 s · sollicitations 992 · attentes 1 {'passerelle_occupee': 1}
2026-09-17 05:22:18.286 | INFO     | experiences.runner:boucle:387 - [execution] 1272/3161 déplacements (40.2 %) · 380/894 personnes · 2057 s écoulées · reste ≈ 3055 s · sollicitations 992 · attentes 1 {'passerelle_occupee': 1}
2026-09-17 05:22:23.294 | INFO     | experiences.runner:boucle:387 - [execution] 1282/3161 déplacements (40.6 %) · 382/894 personnes · 2062 s écoulées · reste ≈ 3023 s · sollicitations 1000 · attentes 1 {'passerelle_occupee': 1}
2026-09-17 05:22:28.304 | INFO     | experiences.runner:boucle:387 - [execution] 1282/3161 déplacements (40.6 %) · 382/894 personnes · 2067 s écoulées · reste ≈ 3030 s · sollicitations 1000 · attentes 1 {'passerelle_occupee': 1}
2026-09-17 05:22:33.309 | INFO     | experiences.runner:boucle:387 - [execution] 1282/3161 déplacements (40.6 %) · 382/894 personnes · 2072 s écoulées · reste ≈ 3037 s · sollicitations 1000 · attentes 1 {'passerelle_occupee': 1}
2026-09-17 05:22:38.322 | INFO     | experiences.runner:boucle:387 - [execution] 1294/3161 déplacements (40.9 %) · 384/894 personnes · 2077 s écoulées · reste ≈ 2997 s · sollicitations 1008 · attentes 1 {'passerelle_occupee': 1}
2026-09-17 05:22:43.331 | INFO     | experiences.runner:boucle:387 - [execution] 1294/3161 déplacements (40.9 %) · 384/894 personnes · 2082 s écoulées · reste ≈ 3004 s · sollicitations 1008 · attentes 1 {'passerelle_occupee': 1}
2026-09-17 05:22:48.335 | INFO     | experiences.runner:boucle:387 - [execution] 1294/3161 déplacements (40.9 %) · 384/894 personnes · 2087 s écoulées · reste ≈ 3012 s · sollicitations 1008 · attentes 1 {'passerelle_occupee': 1}
2026-09-17 05:22:53.339 | INFO     | experiences.runner:boucle:387 - [execution] 1294/3161 déplacements (40.9 %) · 384/894 personnes · 2092 s écoulées · reste ≈ 3019 s · sollicitations 1008 · attentes 1 {'passerelle_occupee': 1}
2026-09-17 05:22:58.344 | INFO     | experiences.runner:boucle:387 - [execution] 1294/3161 déplacements (40.9 %) · 384/894 personnes · 2097 s écoulées · reste ≈ 3026 s · sollicitations 1008 · attentes 1 {'passerelle_occupee': 1}
2026-09-17 05:23:00.462 | ERROR    | mobility_llm.mode_choice:normalize_option_probabilities:298 - [ALARME] Vecteur de probabilités inexploitable (somme nulle) — repli sur une distribution uniforme sur 4 option(s), la décision du modèle est perdue | agent=616477 activity=bf6d69df-a853-5aeb-9c16-cc426ecf14ad
2026-09-17 05:23:03.347 | INFO     | experiences.runner:boucle:387 - [execution] 1304/3161 déplacements (41.3 %) · 386/894 personnes · 2102 s écoulées · reste ≈ 2994 s · sollicitations 1016 · attentes 1 {'passerelle_occupee': 1}
2026-09-17 05:23:08.350 | INFO     | experiences.runner:boucle:387 - [execution] 1304/3161 déplacements (41.3 %) · 386/894 personnes · 2107 s écoulées · reste ≈ 3001 s · sollicitations 1016 · attentes 1 {'passerelle_occupee': 1}
2026-09-17 05:23:13.354 | INFO     | experiences.runner:boucle:387 - [execution] 1304/3161 déplacements (41.3 %) · 386/894 personnes · 2112 s écoulées · reste ≈ 3008 s · sollicitations 1016 · attentes 1 {'passerelle_occupee': 1}
2026-09-17 05:23:18.363 | INFO     | experiences.runner:boucle:387 - [execution] 1304/3161 déplacements (41.3 %) · 386/894 personnes · 2117 s écoulées · reste ≈ 3015 s · sollicitations 1016 · attentes 1 {'passerelle_occupee': 1}
2026-09-17 05:23:23.371 | INFO     | experiences.runner:boucle:387 - [execution] 1313/3161 déplacements (41.5 %) · 387/894 personnes · 2122 s écoulées · reste ≈ 2987 s · sollicitations 1024 · attentes 1 {'passerelle_occupee': 1}
2026-09-17 05:23:28.374 | INFO     | experiences.runner:boucle:387 - [execution] 1313/3161 déplacements (41.5 %) · 387/894 personnes · 2127 s écoulées · reste ≈ 2994 s · sollicitations 1024 · attentes 1 {'passerelle_occupee': 1}
2026-09-17 05:23:33.378 | INFO     | experiences.runner:boucle:387 - [execution] 1313/3161 déplacements (41.5 %) · 387/894 personnes · 2132 s écoulées · reste ≈ 3001 s · sollicitations 1024 · attentes 1 {'passerelle_occupee': 1}
2026-09-17 05:23:38.384 | INFO     | experiences.runner:boucle:387 - [execution] 1323/3161 déplacements (41.9 %) · 388/894 personnes · 2137 s écoulées · reste ≈ 2969 s · sollicitations 1032 · attentes 1 {'passerelle_occupee': 1}
2026-09-17 05:23:43.388 | INFO     | experiences.runner:boucle:387 - [execution] 1323/3161 déplacements (41.9 %) · 388/894 personnes · 2142 s écoulées · reste ≈ 2976 s · sollicitations 1032 · attentes 1 {'passerelle_occupee': 1}
2026-09-17 05:23:48.391 | INFO     | experiences.runner:boucle:387 - [execution] 1323/3161 déplacements (41.9 %) · 388/894 personnes · 2147 s écoulées · reste ≈ 2983 s · sollicitations 1032 · attentes 1 {'passerelle_occupee': 1}
2026-09-17 05:23:53.394 | INFO     | experiences.runner:boucle:387 - [execution] 1331/3161 déplacements (42.1 %) · 391/894 personnes · 2152 s écoulées · reste ≈ 2959 s · sollicitations 1040 · attentes 1 {'passerelle_occupee': 1}
2026-09-17 05:23:58.398 | INFO     | experiences.runner:boucle:387 - [execution] 1331/3161 déplacements (42.1 %) · 391/894 personnes · 2157 s écoulées · reste ≈ 2966 s · sollicitations 1040 · attentes 1 {'passerelle_occupee': 1}
2026-09-17 05:24:03.402 | INFO     | experiences.runner:boucle:387 - [execution] 1331/3161 déplacements (42.1 %) · 391/894 personnes · 2162 s écoulées · reste ≈ 2973 s · sollicitations 1040 · attentes 1 {'passerelle_occupee': 1}
2026-09-17 05:24:08.405 | INFO     | experiences.runner:boucle:387 - [execution] 1340/3161 déplacements (42.4 %) · 395/894 personnes · 2167 s écoulées · reste ≈ 2945 s · sollicitations 1048 · attentes 1 {'passerelle_occupee': 1}
2026-09-17 05:24:13.409 | INFO     | experiences.runner:boucle:387 - [execution] 1340/3161 déplacements (42.4 %) · 395/894 personnes · 2172 s écoulées · reste ≈ 2952 s · sollicitations 1048 · attentes 1 {'passerelle_occupee': 1}
2026-09-17 05:24:18.414 | INFO     | experiences.runner:boucle:387 - [execution] 1340/3161 déplacements (42.4 %) · 395/894 personnes · 2177 s écoulées · reste ≈ 2959 s · sollicitations 1048 · attentes 1 {'passerelle_occupee': 1}
2026-09-17 05:24:23.416 | INFO     | experiences.runner:boucle:387 - [execution] 1349/3161 déplacements (42.7 %) · 399/894 personnes · 2182 s écoulées · reste ≈ 2931 s · sollicitations 1056 · attentes 1 {'passerelle_occupee': 1}
2026-09-17 05:24:28.425 | INFO     | experiences.runner:boucle:387 - [execution] 1349/3161 déplacements (42.7 %) · 399/894 personnes · 2187 s écoulées · reste ≈ 2938 s · sollicitations 1056 · attentes 1 {'passerelle_occupee': 1}
2026-09-17 05:24:33.431 | INFO     | experiences.runner:boucle:387 - [execution] 1349/3161 déplacements (42.7 %) · 399/894 personnes · 2192 s écoulées · reste ≈ 2945 s · sollicitations 1056 · attentes 1 {'passerelle_occupee': 1}
2026-09-17 05:24:38.438 | INFO     | experiences.runner:boucle:387 - [execution] 1349/3161 déplacements (42.7 %) · 399/894 personnes · 2197 s écoulées · reste ≈ 2952 s · sollicitations 1056 · attentes 1 {'passerelle_occupee': 1}
2026-09-17 05:24:43.442 | INFO     | experiences.runner:boucle:387 - [execution] 1360/3161 déplacements (43.0 %) · 401/894 personnes · 2202 s écoulées · reste ≈ 2917 s · sollicitations 1064 · attentes 1 {'passerelle_occupee': 1}
2026-09-17 05:24:48.446 | INFO     | experiences.runner:boucle:387 - [execution] 1360/3161 déplacements (43.0 %) · 401/894 personnes · 2207 s écoulées · reste ≈ 2923 s · sollicitations 1064 · attentes 1 {'passerelle_occupee': 1}
2026-09-17 05:24:53.452 | INFO     | experiences.runner:boucle:387 - [execution] 1360/3161 déplacements (43.0 %) · 401/894 personnes · 2212 s écoulées · reste ≈ 2930 s · sollicitations 1064 · attentes 1 {'passerelle_occupee': 1}
2026-09-17 05:24:58.455 | INFO     | experiences.runner:boucle:387 - [execution] 1371/3161 déplacements (43.4 %) · 404/894 personnes · 2217 s écoulées · reste ≈ 2895 s · sollicitations 1072 · attentes 1 {'passerelle_occupee': 1}
2026-09-17 05:25:03.462 | INFO     | experiences.runner:boucle:387 - [execution] 1371/3161 déplacements (43.4 %) · 404/894 personnes · 2222 s écoulées · reste ≈ 2902 s · sollicitations 1072 · attentes 1 {'passerelle_occupee': 1}
2026-09-17 05:25:08.466 | INFO     | experiences.runner:boucle:387 - [execution] 1371/3161 déplacements (43.4 %) · 404/894 personnes · 2227 s écoulées · reste ≈ 2908 s · sollicitations 1072 · attentes 1 {'passerelle_occupee': 1}
2026-09-17 05:25:13.467 | INFO     | experiences.runner:boucle:387 - [execution] 1371/3161 déplacements (43.4 %) · 404/894 personnes · 2232 s écoulées · reste ≈ 2915 s · sollicitations 1072 · attentes 1 {'passerelle_occupee': 1}
2026-09-17 05:25:18.477 | INFO     | experiences.runner:boucle:387 - [execution] 1380/3161 déplacements (43.7 %) · 407/894 personnes · 2237 s écoulées · reste ≈ 2888 s · sollicitations 1080 · attentes 1 {'passerelle_occupee': 1}
2026-09-17 05:25:23.482 | INFO     | experiences.runner:boucle:387 - [execution] 1380/3161 déplacements (43.7 %) · 407/894 personnes · 2242 s écoulées · reste ≈ 2894 s · sollicitations 1080 · attentes 1 {'passerelle_occupee': 1}
2026-09-17 05:25:28.486 | INFO     | experiences.runner:boucle:387 - [execution] 1380/3161 déplacements (43.7 %) · 407/894 personnes · 2247 s écoulées · reste ≈ 2901 s · sollicitations 1080 · attentes 1 {'passerelle_occupee': 1}
2026-09-17 05:25:33.495 | INFO     | experiences.runner:boucle:387 - [execution] 1380/3161 déplacements (43.7 %) · 407/894 personnes · 2252 s écoulées · reste ≈ 2907 s · sollicitations 1080 · attentes 1 {'passerelle_occupee': 1}
2026-09-17 05:25:38.503 | INFO     | experiences.runner:boucle:387 - [execution] 1390/3161 déplacements (44.0 %) · 409/894 personnes · 2257 s écoulées · reste ≈ 2876 s · sollicitations 1088 · attentes 1 {'passerelle_occupee': 1}
2026-09-17 05:25:43.505 | INFO     | experiences.runner:boucle:387 - [execution] 1390/3161 déplacements (44.0 %) · 409/894 personnes · 2262 s écoulées · reste ≈ 2883 s · sollicitations 1088 · attentes 1 {'passerelle_occupee': 1}
2026-09-17 05:25:48.508 | INFO     | experiences.runner:boucle:387 - [execution] 1390/3161 déplacements (44.0 %) · 409/894 personnes · 2267 s écoulées · reste ≈ 2889 s · sollicitations 1088 · attentes 1 {'passerelle_occupee': 1}
2026-09-17 05:25:53.513 | INFO     | experiences.runner:boucle:387 - [execution] 1390/3161 déplacements (44.0 %) · 409/894 personnes · 2273 s écoulées · reste ≈ 2895 s · sollicitations 1088 · attentes 1 {'passerelle_occupee': 1}
2026-09-17 05:25:58.518 | INFO     | experiences.runner:boucle:387 - [execution] 1401/3161 déplacements (44.3 %) · 413/894 personnes · 2278 s écoulées · reste ≈ 2861 s · sollicitations 1096 · attentes 1 {'passerelle_occupee': 1}
2026-09-17 05:26:03.527 | INFO     | experiences.runner:boucle:387 - [execution] 1401/3161 déplacements (44.3 %) · 413/894 personnes · 2283 s écoulées · reste ≈ 2867 s · sollicitations 1096 · attentes 1 {'passerelle_occupee': 1}
2026-09-17 05:26:08.532 | INFO     | experiences.runner:boucle:387 - [execution] 1401/3161 déplacements (44.3 %) · 413/894 personnes · 2288 s écoulées · reste ≈ 2874 s · sollicitations 1096 · attentes 1 {'passerelle_occupee': 1}
2026-09-17 05:26:13.535 | INFO     | experiences.runner:boucle:387 - [execution] 1413/3161 déplacements (44.7 %) · 415/894 personnes · 2293 s écoulées · reste ≈ 2836 s · sollicitations 1104 · attentes 1 {'passerelle_occupee': 1}
2026-09-17 05:26:18.538 | INFO     | experiences.runner:boucle:387 - [execution] 1413/3161 déplacements (44.7 %) · 415/894 personnes · 2298 s écoulées · reste ≈ 2842 s · sollicitations 1104 · attentes 1 {'passerelle_occupee': 1}
2026-09-17 05:26:23.548 | INFO     | experiences.runner:boucle:387 - [execution] 1413/3161 déplacements (44.7 %) · 415/894 personnes · 2303 s écoulées · reste ≈ 2848 s · sollicitations 1104 · attentes 1 {'passerelle_occupee': 1}
2026-09-17 05:26:28.552 | INFO     | experiences.runner:boucle:387 - [execution] 1413/3161 déplacements (44.7 %) · 415/894 personnes · 2308 s écoulées · reste ≈ 2855 s · sollicitations 1104 · attentes 1 {'passerelle_occupee': 1}
2026-09-17 05:26:33.555 | INFO     | experiences.runner:boucle:387 - [execution] 1424/3161 déplacements (45.0 %) · 418/894 personnes · 2313 s écoulées · reste ≈ 2821 s · sollicitations 1112 · attentes 1 {'passerelle_occupee': 1}
2026-09-17 05:26:38.561 | INFO     | experiences.runner:boucle:387 - [execution] 1424/3161 déplacements (45.0 %) · 418/894 personnes · 2318 s écoulées · reste ≈ 2827 s · sollicitations 1112 · attentes 1 {'passerelle_occupee': 1}
2026-09-17 05:26:43.566 | INFO     | experiences.runner:boucle:387 - [execution] 1424/3161 déplacements (45.0 %) · 418/894 personnes · 2323 s écoulées · reste ≈ 2833 s · sollicitations 1112 · attentes 1 {'passerelle_occupee': 1}
2026-09-17 05:26:48.571 | INFO     | experiences.runner:boucle:387 - [execution] 1424/3161 déplacements (45.0 %) · 418/894 personnes · 2328 s écoulées · reste ≈ 2839 s · sollicitations 1112 · attentes 1 {'passerelle_occupee': 1}
2026-09-17 05:26:53.575 | INFO     | experiences.runner:boucle:387 - [execution] 1433/3161 déplacements (45.3 %) · 419/894 personnes · 2333 s écoulées · reste ≈ 2813 s · sollicitations 1120 · attentes 1 {'passerelle_occupee': 1}
2026-09-17 05:26:58.578 | INFO     | experiences.runner:boucle:387 - [execution] 1433/3161 déplacements (45.3 %) · 419/894 personnes · 2338 s écoulées · reste ≈ 2819 s · sollicitations 1120 · attentes 1 {'passerelle_occupee': 1}
2026-09-17 05:27:03.582 | INFO     | experiences.runner:boucle:387 - [execution] 1433/3161 déplacements (45.3 %) · 419/894 personnes · 2343 s écoulées · reste ≈ 2825 s · sollicitations 1120 · attentes 1 {'passerelle_occupee': 1}
2026-09-17 05:27:08.586 | INFO     | experiences.runner:boucle:387 - [execution] 1442/3161 déplacements (45.6 %) · 420/894 personnes · 2348 s écoulées · reste ≈ 2799 s · sollicitations 1128 · attentes 1 {'passerelle_occupee': 1}
2026-09-17 05:27:13.591 | INFO     | experiences.runner:boucle:387 - [execution] 1442/3161 déplacements (45.6 %) · 420/894 personnes · 2353 s écoulées · reste ≈ 2804 s · sollicitations 1128 · attentes 1 {'passerelle_occupee': 1}
2026-09-17 05:27:18.595 | INFO     | experiences.runner:boucle:387 - [execution] 1442/3161 déplacements (45.6 %) · 420/894 personnes · 2358 s écoulées · reste ≈ 2810 s · sollicitations 1128 · attentes 1 {'passerelle_occupee': 1}
2026-09-17 05:27:23.598 | INFO     | experiences.runner:boucle:387 - [execution] 1453/3161 déplacements (46.0 %) · 424/894 personnes · 2363 s écoulées · reste ≈ 2777 s · sollicitations 1136 · attentes 1 {'passerelle_occupee': 1}
2026-09-17 05:27:28.604 | INFO     | experiences.runner:boucle:387 - [execution] 1453/3161 déplacements (46.0 %) · 424/894 personnes · 2368 s écoulées · reste ≈ 2783 s · sollicitations 1136 · attentes 1 {'passerelle_occupee': 1}
2026-09-17 05:27:33.608 | INFO     | experiences.runner:boucle:387 - [execution] 1453/3161 déplacements (46.0 %) · 424/894 personnes · 2373 s écoulées · reste ≈ 2789 s · sollicitations 1136 · attentes 1 {'passerelle_occupee': 1}
2026-09-17 05:27:38.620 | INFO     | experiences.runner:boucle:387 - [execution] 1462/3161 déplacements (46.3 %) · 425/894 personnes · 2378 s écoulées · reste ≈ 2763 s · sollicitations 1144 · attentes 1 {'passerelle_occupee': 1}
2026-09-17 05:27:43.625 | INFO     | experiences.runner:boucle:387 - [execution] 1462/3161 déplacements (46.3 %) · 425/894 personnes · 2383 s écoulées · reste ≈ 2769 s · sollicitations 1144 · attentes 1 {'passerelle_occupee': 1}
2026-09-17 05:27:48.631 | INFO     | experiences.runner:boucle:387 - [execution] 1462/3161 déplacements (46.3 %) · 425/894 personnes · 2388 s écoulées · reste ≈ 2775 s · sollicitations 1144 · attentes 1 {'passerelle_occupee': 1}
2026-09-17 05:27:53.634 | INFO     | experiences.runner:boucle:387 - [execution] 1472/3161 déplacements (46.6 %) · 427/894 personnes · 2393 s écoulées · reste ≈ 2745 s · sollicitations 1152 · attentes 1 {'passerelle_occupee': 1}
2026-09-17 05:27:58.639 | INFO     | experiences.runner:boucle:387 - [execution] 1472/3161 déplacements (46.6 %) · 427/894 personnes · 2398 s écoulées · reste ≈ 2751 s · sollicitations 1152 · attentes 1 {'passerelle_occupee': 1}
2026-09-17 05:28:03.646 | INFO     | experiences.runner:boucle:387 - [execution] 1472/3161 déplacements (46.6 %) · 427/894 personnes · 2403 s écoulées · reste ≈ 2757 s · sollicitations 1152 · attentes 1 {'passerelle_occupee': 1}
2026-09-17 05:28:08.656 | INFO     | experiences.runner:boucle:387 - [execution] 1472/3161 déplacements (46.6 %) · 427/894 personnes · 2408 s écoulées · reste ≈ 2763 s · sollicitations 1152 · attentes 1 {'passerelle_occupee': 1}
2026-09-17 05:28:13.661 | INFO     | experiences.runner:boucle:387 - [execution] 1483/3161 déplacements (46.9 %) · 432/894 personnes · 2413 s écoulées · reste ≈ 2730 s · sollicitations 1160 · attentes 1 {'passerelle_occupee': 1}
2026-09-17 05:28:18.664 | INFO     | experiences.runner:boucle:387 - [execution] 1483/3161 déplacements (46.9 %) · 432/894 personnes · 2418 s écoulées · reste ≈ 2736 s · sollicitations 1160 · attentes 1 {'passerelle_occupee': 1}
2026-09-17 05:28:23.671 | INFO     | experiences.runner:boucle:387 - [execution] 1483/3161 déplacements (46.9 %) · 432/894 personnes · 2423 s écoulées · reste ≈ 2741 s · sollicitations 1160 · attentes 1 {'passerelle_occupee': 1}
2026-09-17 05:28:28.674 | INFO     | experiences.runner:boucle:387 - [execution] 1495/3161 déplacements (47.3 %) · 437/894 personnes · 2428 s écoulées · reste ≈ 2705 s · sollicitations 1168 · attentes 1 {'passerelle_occupee': 1}
2026-09-17 05:28:33.677 | INFO     | experiences.runner:boucle:387 - [execution] 1495/3161 déplacements (47.3 %) · 437/894 personnes · 2433 s écoulées · reste ≈ 2711 s · sollicitations 1168 · attentes 1 {'passerelle_occupee': 1}
2026-09-17 05:28:38.681 | INFO     | experiences.runner:boucle:387 - [execution] 1495/3161 déplacements (47.3 %) · 437/894 personnes · 2438 s écoulées · reste ≈ 2716 s · sollicitations 1168 · attentes 1 {'passerelle_occupee': 1}
2026-09-17 05:28:43.687 | INFO     | experiences.runner:boucle:387 - [execution] 1508/3161 déplacements (47.7 %) · 441/894 personnes · 2443 s écoulées · reste ≈ 2678 s · sollicitations 1176 · attentes 1 {'passerelle_occupee': 1}
2026-09-17 05:28:48.691 | INFO     | experiences.runner:boucle:387 - [execution] 1508/3161 déplacements (47.7 %) · 441/894 personnes · 2448 s écoulées · reste ≈ 2683 s · sollicitations 1176 · attentes 1 {'passerelle_occupee': 1}
2026-09-17 05:28:53.695 | INFO     | experiences.runner:boucle:387 - [execution] 1508/3161 déplacements (47.7 %) · 441/894 personnes · 2453 s écoulées · reste ≈ 2689 s · sollicitations 1176 · attentes 1 {'passerelle_occupee': 1}
2026-09-17 05:28:58.706 | INFO     | experiences.runner:boucle:387 - [execution] 1508/3161 déplacements (47.7 %) · 441/894 personnes · 2458 s écoulées · reste ≈ 2694 s · sollicitations 1176 · attentes 1 {'passerelle_occupee': 1}
2026-09-17 05:29:03.710 | INFO     | experiences.runner:boucle:387 - [execution] 1521/3161 déplacements (48.1 %) · 442/894 personnes · 2463 s écoulées · reste ≈ 2655 s · sollicitations 1184 · attentes 1 {'passerelle_occupee': 1}
2026-09-17 05:29:08.716 | INFO     | experiences.runner:boucle:387 - [execution] 1521/3161 déplacements (48.1 %) · 442/894 personnes · 2468 s écoulées · reste ≈ 2661 s · sollicitations 1184 · attentes 1 {'passerelle_occupee': 1}
2026-09-17 05:29:13.720 | INFO     | experiences.runner:boucle:387 - [execution] 1521/3161 déplacements (48.1 %) · 442/894 personnes · 2473 s écoulées · reste ≈ 2666 s · sollicitations 1184 · attentes 1 {'passerelle_occupee': 1}
2026-09-17 05:29:18.724 | INFO     | experiences.runner:boucle:387 - [execution] 1533/3161 déplacements (48.5 %) · 447/894 personnes · 2478 s écoulées · reste ≈ 2631 s · sollicitations 1192 · attentes 1 {'passerelle_occupee': 1}
2026-09-17 05:29:23.736 | INFO     | experiences.runner:boucle:387 - [execution] 1533/3161 déplacements (48.5 %) · 447/894 personnes · 2483 s écoulées · reste ≈ 2637 s · sollicitations 1192 · attentes 1 {'passerelle_occupee': 1}
2026-09-17 05:29:28.740 | INFO     | experiences.runner:boucle:387 - [execution] 1533/3161 déplacements (48.5 %) · 447/894 personnes · 2488 s écoulées · reste ≈ 2642 s · sollicitations 1192 · attentes 1 {'passerelle_occupee': 1}
2026-09-17 05:29:33.746 | INFO     | experiences.runner:boucle:387 - [execution] 1533/3161 déplacements (48.5 %) · 447/894 personnes · 2493 s écoulées · reste ≈ 2647 s · sollicitations 1192 · attentes 1 {'passerelle_occupee': 1}
2026-09-17 05:29:38.750 | INFO     | experiences.runner:boucle:387 - [execution] 1545/3161 déplacements (48.9 %) · 450/894 personnes · 2498 s écoulées · reste ≈ 2613 s · sollicitations 1200 · attentes 1 {'passerelle_occupee': 1}
2026-09-17 05:29:43.754 | INFO     | experiences.runner:boucle:387 - [execution] 1545/3161 déplacements (48.9 %) · 450/894 personnes · 2503 s écoulées · reste ≈ 2618 s · sollicitations 1200 · attentes 1 {'passerelle_occupee': 1}
2026-09-17 05:29:48.768 | INFO     | experiences.runner:boucle:387 - [execution] 1545/3161 déplacements (48.9 %) · 450/894 personnes · 2508 s écoulées · reste ≈ 2623 s · sollicitations 1200 · attentes 1 {'passerelle_occupee': 1}
2026-09-17 05:29:53.773 | INFO     | experiences.runner:boucle:387 - [execution] 1555/3161 déplacements (49.2 %) · 453/894 personnes · 2513 s écoulées · reste ≈ 2595 s · sollicitations 1208 · attentes 1 {'passerelle_occupee': 1}
2026-09-17 05:29:58.778 | INFO     | experiences.runner:boucle:387 - [execution] 1555/3161 déplacements (49.2 %) · 453/894 personnes · 2518 s écoulées · reste ≈ 2600 s · sollicitations 1208 · attentes 1 {'passerelle_occupee': 1}
2026-09-17 05:30:03.782 | INFO     | experiences.runner:boucle:387 - [execution] 1555/3161 déplacements (49.2 %) · 453/894 personnes · 2523 s écoulées · reste ≈ 2606 s · sollicitations 1208 · attentes 1 {'passerelle_occupee': 1}
2026-09-17 05:30:08.789 | INFO     | experiences.runner:boucle:387 - [execution] 1555/3161 déplacements (49.2 %) · 453/894 personnes · 2528 s écoulées · reste ≈ 2611 s · sollicitations 1208 · attentes 1 {'passerelle_occupee': 1}
2026-09-17 05:30:13.795 | INFO     | experiences.runner:boucle:387 - [execution] 1564/3161 déplacements (49.5 %) · 457/894 personnes · 2533 s écoulées · reste ≈ 2586 s · sollicitations 1216 · attentes 1 {'passerelle_occupee': 1}
2026-09-17 05:30:18.803 | INFO     | experiences.runner:boucle:387 - [execution] 1564/3161 déplacements (49.5 %) · 457/894 personnes · 2538 s écoulées · reste ≈ 2591 s · sollicitations 1216 · attentes 1 {'passerelle_occupee': 1}
2026-09-17 05:30:23.806 | INFO     | experiences.runner:boucle:387 - [execution] 1564/3161 déplacements (49.5 %) · 457/894 personnes · 2543 s écoulées · reste ≈ 2596 s · sollicitations 1216 · attentes 1 {'passerelle_occupee': 1}
2026-09-17 05:30:28.813 | INFO     | experiences.runner:boucle:387 - [execution] 1575/3161 déplacements (49.8 %) · 461/894 personnes · 2548 s écoulées · reste ≈ 2566 s · sollicitations 1224 · attentes 1 {'passerelle_occupee': 1}
2026-09-17 05:30:33.820 | INFO     | experiences.runner:boucle:387 - [execution] 1575/3161 déplacements (49.8 %) · 461/894 personnes · 2553 s écoulées · reste ≈ 2571 s · sollicitations 1224 · attentes 1 {'passerelle_occupee': 1}
2026-09-17 05:30:38.829 | INFO     | experiences.runner:boucle:387 - [execution] 1575/3161 déplacements (49.8 %) · 461/894 personnes · 2558 s écoulées · reste ≈ 2576 s · sollicitations 1224 · attentes 1 {'passerelle_occupee': 1}
2026-09-17 05:30:43.832 | INFO     | experiences.runner:boucle:387 - [execution] 1575/3161 déplacements (49.8 %) · 461/894 personnes · 2563 s écoulées · reste ≈ 2581 s · sollicitations 1224 · attentes 1 {'passerelle_occupee': 1}
2026-09-17 05:30:48.837 | INFO     | experiences.runner:boucle:387 - [execution] 1587/3161 déplacements (50.2 %) · 465/894 personnes · 2568 s écoulées · reste ≈ 2547 s · sollicitations 1232 · attentes 1 {'passerelle_occupee': 1}
2026-09-17 05:30:53.842 | INFO     | experiences.runner:boucle:387 - [execution] 1587/3161 déplacements (50.2 %) · 465/894 personnes · 2573 s écoulées · reste ≈ 2552 s · sollicitations 1232 · attentes 1 {'passerelle_occupee': 1}
2026-09-17 05:30:58.854 | INFO     | experiences.runner:boucle:387 - [execution] 1587/3161 déplacements (50.2 %) · 465/894 personnes · 2578 s écoulées · reste ≈ 2557 s · sollicitations 1232 · attentes 1 {'passerelle_occupee': 1}
2026-09-17 05:31:03.865 | INFO     | experiences.runner:boucle:387 - [execution] 1597/3161 déplacements (50.5 %) · 468/894 personnes · 2583 s écoulées · reste ≈ 2529 s · sollicitations 1240 · attentes 1 {'passerelle_occupee': 1}
2026-09-17 05:31:08.870 | INFO     | experiences.runner:boucle:387 - [execution] 1597/3161 déplacements (50.5 %) · 468/894 personnes · 2588 s écoulées · reste ≈ 2534 s · sollicitations 1240 · attentes 1 {'passerelle_occupee': 1}
2026-09-17 05:31:13.874 | INFO     | experiences.runner:boucle:387 - [execution] 1597/3161 déplacements (50.5 %) · 468/894 personnes · 2593 s écoulées · reste ≈ 2539 s · sollicitations 1240 · attentes 1 {'passerelle_occupee': 1}
2026-09-17 05:31:18.878 | INFO     | experiences.runner:boucle:387 - [execution] 1597/3161 déplacements (50.5 %) · 468/894 personnes · 2598 s écoulées · reste ≈ 2544 s · sollicitations 1240 · attentes 1 {'passerelle_occupee': 1}
2026-09-17 05:31:23.882 | INFO     | experiences.runner:boucle:387 - [execution] 1606/3161 déplacements (50.8 %) · 470/894 personnes · 2603 s écoulées · reste ≈ 2520 s · sollicitations 1248 · attentes 1 {'passerelle_occupee': 1}
2026-09-17 05:31:28.886 | INFO     | experiences.runner:boucle:387 - [execution] 1606/3161 déplacements (50.8 %) · 470/894 personnes · 2608 s écoulées · reste ≈ 2525 s · sollicitations 1248 · attentes 1 {'passerelle_occupee': 1}
2026-09-17 05:31:33.890 | INFO     | experiences.runner:boucle:387 - [execution] 1606/3161 déplacements (50.8 %) · 470/894 personnes · 2613 s écoulées · reste ≈ 2530 s · sollicitations 1248 · attentes 1 {'passerelle_occupee': 1}
2026-09-17 05:31:38.897 | INFO     | experiences.runner:boucle:387 - [execution] 1615/3161 déplacements (51.1 %) · 474/894 personnes · 2618 s écoulées · reste ≈ 2506 s · sollicitations 1256 · attentes 1 {'passerelle_occupee': 1}
2026-09-17 05:31:43.901 | INFO     | experiences.runner:boucle:387 - [execution] 1615/3161 déplacements (51.1 %) · 474/894 personnes · 2623 s écoulées · reste ≈ 2511 s · sollicitations 1256 · attentes 1 {'passerelle_occupee': 1}
2026-09-17 05:31:48.907 | INFO     | experiences.runner:boucle:387 - [execution] 1615/3161 déplacements (51.1 %) · 474/894 personnes · 2628 s écoulées · reste ≈ 2516 s · sollicitations 1256 · attentes 1 {'passerelle_occupee': 1}
2026-09-17 05:31:53.915 | INFO     | experiences.runner:boucle:387 - [execution] 1624/3161 déplacements (51.4 %) · 475/894 personnes · 2633 s écoulées · reste ≈ 2492 s · sollicitations 1264 · attentes 1 {'passerelle_occupee': 1}
2026-09-17 05:31:58.919 | INFO     | experiences.runner:boucle:387 - [execution] 1624/3161 déplacements (51.4 %) · 475/894 personnes · 2638 s écoulées · reste ≈ 2497 s · sollicitations 1264 · attentes 1 {'passerelle_occupee': 1}
2026-09-17 05:32:03.921 | INFO     | experiences.runner:boucle:387 - [execution] 1624/3161 déplacements (51.4 %) · 475/894 personnes · 2643 s écoulées · reste ≈ 2501 s · sollicitations 1264 · attentes 1 {'passerelle_occupee': 1}
2026-09-17 05:32:08.926 | INFO     | experiences.runner:boucle:387 - [execution] 1633/3161 déplacements (51.7 %) · 477/894 personnes · 2648 s écoulées · reste ≈ 2478 s · sollicitations 1272 · attentes 1 {'passerelle_occupee': 1}
2026-09-17 05:32:13.930 | INFO     | experiences.runner:boucle:387 - [execution] 1633/3161 déplacements (51.7 %) · 477/894 personnes · 2653 s écoulées · reste ≈ 2482 s · sollicitations 1272 · attentes 1 {'passerelle_occupee': 1}
2026-09-17 05:32:18.934 | INFO     | experiences.runner:boucle:387 - [execution] 1633/3161 déplacements (51.7 %) · 477/894 personnes · 2658 s écoulées · reste ≈ 2487 s · sollicitations 1272 · attentes 1 {'passerelle_occupee': 1}
2026-09-17 05:32:23.939 | INFO     | experiences.runner:boucle:387 - [execution] 1633/3161 déplacements (51.7 %) · 477/894 personnes · 2663 s écoulées · reste ≈ 2492 s · sollicitations 1272 · attentes 1 {'passerelle_occupee': 1}
2026-09-17 05:32:28.944 | INFO     | experiences.runner:boucle:387 - [execution] 1642/3161 déplacements (51.9 %) · 478/894 personnes · 2668 s écoulées · reste ≈ 2468 s · sollicitations 1280 · attentes 1 {'passerelle_occupee': 1}
2026-09-17 05:32:33.947 | INFO     | experiences.runner:boucle:387 - [execution] 1642/3161 déplacements (51.9 %) · 478/894 personnes · 2673 s écoulées · reste ≈ 2473 s · sollicitations 1280 · attentes 1 {'passerelle_occupee': 1}
2026-09-17 05:32:38.950 | INFO     | experiences.runner:boucle:387 - [execution] 1642/3161 déplacements (51.9 %) · 478/894 personnes · 2678 s écoulées · reste ≈ 2477 s · sollicitations 1280 · attentes 1 {'passerelle_occupee': 1}
2026-09-17 05:32:43.954 | INFO     | experiences.runner:boucle:387 - [execution] 1651/3161 déplacements (52.2 %) · 481/894 personnes · 2683 s écoulées · reste ≈ 2454 s · sollicitations 1288 · attentes 1 {'passerelle_occupee': 1}
2026-09-17 05:32:48.957 | INFO     | experiences.runner:boucle:387 - [execution] 1651/3161 déplacements (52.2 %) · 481/894 personnes · 2688 s écoulées · reste ≈ 2458 s · sollicitations 1288 · attentes 1 {'passerelle_occupee': 1}
2026-09-17 05:32:53.967 | INFO     | experiences.runner:boucle:387 - [execution] 1651/3161 déplacements (52.2 %) · 481/894 personnes · 2693 s écoulées · reste ≈ 2463 s · sollicitations 1288 · attentes 1 {'passerelle_occupee': 1}
2026-09-17 05:32:58.885 | ERROR    | mobility_llm.mode_choice:normalize_option_probabilities:298 - [ALARME] Vecteur de probabilités inexploitable (somme nulle) — repli sur une distribution uniforme sur 5 option(s), la décision du modèle est perdue | agent=770236 activity=cebd3e61-59e8-5bf9-bf1e-dd3d5a96c526
2026-09-17 05:32:58.973 | INFO     | experiences.runner:boucle:387 - [execution] 1659/3161 déplacements (52.5 %) · 483/894 personnes · 2698 s écoulées · reste ≈ 2443 s · sollicitations 1296 · attentes 1 {'passerelle_occupee': 1}
2026-09-17 05:33:03.978 | INFO     | experiences.runner:boucle:387 - [execution] 1659/3161 déplacements (52.5 %) · 483/894 personnes · 2703 s écoulées · reste ≈ 2447 s · sollicitations 1296 · attentes 1 {'passerelle_occupee': 1}
2026-09-17 05:33:08.985 | INFO     | experiences.runner:boucle:387 - [execution] 1659/3161 déplacements (52.5 %) · 483/894 personnes · 2708 s écoulées · reste ≈ 2452 s · sollicitations 1296 · attentes 1 {'passerelle_occupee': 1}
2026-09-17 05:33:13.992 | INFO     | experiences.runner:boucle:387 - [execution] 1659/3161 déplacements (52.5 %) · 483/894 personnes · 2713 s écoulées · reste ≈ 2456 s · sollicitations 1296 · attentes 1 {'passerelle_occupee': 1}
2026-09-17 05:33:19.001 | INFO     | experiences.runner:boucle:387 - [execution] 1670/3161 déplacements (52.8 %) · 485/894 personnes · 2718 s écoulées · reste ≈ 2427 s · sollicitations 1304 · attentes 1 {'passerelle_occupee': 1}
2026-09-17 05:33:24.005 | INFO     | experiences.runner:boucle:387 - [execution] 1670/3161 déplacements (52.8 %) · 485/894 personnes · 2723 s écoulées · reste ≈ 2431 s · sollicitations 1304 · attentes 1 {'passerelle_occupee': 1}
2026-09-17 05:33:29.009 | INFO     | experiences.runner:boucle:387 - [execution] 1670/3161 déplacements (52.8 %) · 485/894 personnes · 2728 s écoulées · reste ≈ 2436 s · sollicitations 1304 · attentes 1 {'passerelle_occupee': 1}
2026-09-17 05:33:34.021 | INFO     | experiences.runner:boucle:387 - [execution] 1680/3161 déplacements (53.1 %) · 486/894 personnes · 2733 s écoulées · reste ≈ 2409 s · sollicitations 1312 · attentes 1 {'passerelle_occupee': 1}
2026-09-17 05:33:39.025 | INFO     | experiences.runner:boucle:387 - [execution] 1680/3161 déplacements (53.1 %) · 486/894 personnes · 2738 s écoulées · reste ≈ 2414 s · sollicitations 1312 · attentes 1 {'passerelle_occupee': 1}
2026-09-17 05:33:44.029 | INFO     | experiences.runner:boucle:387 - [execution] 1680/3161 déplacements (53.1 %) · 486/894 personnes · 2743 s écoulées · reste ≈ 2418 s · sollicitations 1312 · attentes 1 {'passerelle_occupee': 1}
2026-09-17 05:33:49.037 | INFO     | experiences.runner:boucle:387 - [execution] 1680/3161 déplacements (53.1 %) · 486/894 personnes · 2748 s écoulées · reste ≈ 2423 s · sollicitations 1312 · attentes 1 {'passerelle_occupee': 1}
2026-09-17 05:33:54.041 | INFO     | experiences.runner:boucle:387 - [execution] 1690/3161 déplacements (53.5 %) · 488/894 personnes · 2753 s écoulées · reste ≈ 2396 s · sollicitations 1320 · attentes 1 {'passerelle_occupee': 1}
2026-09-17 05:33:59.047 | INFO     | experiences.runner:boucle:387 - [execution] 1690/3161 déplacements (53.5 %) · 488/894 personnes · 2758 s écoulées · reste ≈ 2401 s · sollicitations 1320 · attentes 1 {'passerelle_occupee': 1}
2026-09-17 05:34:04.052 | INFO     | experiences.runner:boucle:387 - [execution] 1690/3161 déplacements (53.5 %) · 488/894 personnes · 2763 s écoulées · reste ≈ 2405 s · sollicitations 1320 · attentes 1 {'passerelle_occupee': 1}
2026-09-17 05:34:09.060 | INFO     | experiences.runner:boucle:387 - [execution] 1699/3161 déplacements (53.7 %) · 491/894 personnes · 2768 s écoulées · reste ≈ 2382 s · sollicitations 1328 · attentes 1 {'passerelle_occupee': 1}
2026-09-17 05:34:14.064 | INFO     | experiences.runner:boucle:387 - [execution] 1699/3161 déplacements (53.7 %) · 491/894 personnes · 2773 s écoulées · reste ≈ 2386 s · sollicitations 1328 · attentes 1 {'passerelle_occupee': 1}
2026-09-17 05:34:19.069 | INFO     | experiences.runner:boucle:387 - [execution] 1699/3161 déplacements (53.7 %) · 491/894 personnes · 2778 s écoulées · reste ≈ 2391 s · sollicitations 1328 · attentes 1 {'passerelle_occupee': 1}
2026-09-17 05:34:24.075 | INFO     | experiences.runner:boucle:387 - [execution] 1699/3161 déplacements (53.7 %) · 491/894 personnes · 2783 s écoulées · reste ≈ 2395 s · sollicitations 1328 · attentes 1 {'passerelle_occupee': 1}
2026-09-17 05:34:29.078 | INFO     | experiences.runner:boucle:387 - [execution] 1699/3161 déplacements (53.7 %) · 491/894 personnes · 2788 s écoulées · reste ≈ 2399 s · sollicitations 1328 · attentes 1 {'passerelle_occupee': 1}
2026-09-17 05:34:34.085 | INFO     | experiences.runner:boucle:387 - [execution] 1709/3161 déplacements (54.1 %) · 493/894 personnes · 2793 s écoulées · reste ≈ 2373 s · sollicitations 1336 · attentes 1 {'passerelle_occupee': 1}
2026-09-17 05:34:39.089 | INFO     | experiences.runner:boucle:387 - [execution] 1709/3161 déplacements (54.1 %) · 493/894 personnes · 2798 s écoulées · reste ≈ 2377 s · sollicitations 1336 · attentes 1 {'passerelle_occupee': 1}
2026-09-17 05:34:44.095 | INFO     | experiences.runner:boucle:387 - [execution] 1709/3161 déplacements (54.1 %) · 493/894 personnes · 2803 s écoulées · reste ≈ 2382 s · sollicitations 1336 · attentes 1 {'passerelle_occupee': 1}
2026-09-17 05:34:48.920 | ERROR    | mobility_llm.mode_choice:normalize_option_probabilities:298 - [ALARME] Vecteur de probabilités inexploitable (somme nulle) — repli sur une distribution uniforme sur 5 option(s), la décision du modèle est perdue | agent=773821 activity=e6770b8c-4d11-5835-b03e-5f28873de064
2026-09-17 05:34:49.102 | INFO     | experiences.runner:boucle:387 - [execution] 1719/3161 déplacements (54.4 %) · 496/894 personnes · 2808 s écoulées · reste ≈ 2356 s · sollicitations 1344 · attentes 1 {'passerelle_occupee': 1}
2026-09-17 05:34:54.108 | INFO     | experiences.runner:boucle:387 - [execution] 1719/3161 déplacements (54.4 %) · 496/894 personnes · 2813 s écoulées · reste ≈ 2360 s · sollicitations 1344 · attentes 1 {'passerelle_occupee': 1}
2026-09-17 05:34:59.118 | INFO     | experiences.runner:boucle:387 - [execution] 1719/3161 déplacements (54.4 %) · 496/894 personnes · 2818 s écoulées · reste ≈ 2364 s · sollicitations 1344 · attentes 1 {'passerelle_occupee': 1}
2026-09-17 05:35:04.122 | INFO     | experiences.runner:boucle:387 - [execution] 1719/3161 déplacements (54.4 %) · 496/894 personnes · 2823 s écoulées · reste ≈ 2368 s · sollicitations 1344 · attentes 1 {'passerelle_occupee': 1}
2026-09-17 05:35:09.127 | INFO     | experiences.runner:boucle:387 - [execution] 1728/3161 déplacements (54.7 %) · 498/894 personnes · 2828 s écoulées · reste ≈ 2345 s · sollicitations 1352 · attentes 1 {'passerelle_occupee': 1}
2026-09-17 05:35:14.134 | INFO     | experiences.runner:boucle:387 - [execution] 1728/3161 déplacements (54.7 %) · 498/894 personnes · 2833 s écoulées · reste ≈ 2349 s · sollicitations 1352 · attentes 1 {'passerelle_occupee': 1}
2026-09-17 05:35:19.137 | INFO     | experiences.runner:boucle:387 - [execution] 1728/3161 déplacements (54.7 %) · 498/894 personnes · 2838 s écoulées · reste ≈ 2354 s · sollicitations 1352 · attentes 1 {'passerelle_occupee': 1}
2026-09-17 05:35:24.140 | INFO     | experiences.runner:boucle:387 - [execution] 1728/3161 déplacements (54.7 %) · 498/894 personnes · 2843 s écoulées · reste ≈ 2358 s · sollicitations 1352 · attentes 1 {'passerelle_occupee': 1}
2026-09-17 05:35:29.144 | INFO     | experiences.runner:boucle:387 - [execution] 1737/3161 déplacements (55.0 %) · 500/894 personnes · 2848 s écoulées · reste ≈ 2335 s · sollicitations 1360 · attentes 1 {'passerelle_occupee': 1}
2026-09-17 05:35:34.152 | INFO     | experiences.runner:boucle:387 - [execution] 1737/3161 déplacements (55.0 %) · 500/894 personnes · 2853 s écoulées · reste ≈ 2339 s · sollicitations 1360 · attentes 1 {'passerelle_occupee': 1}
2026-09-17 05:35:39.157 | INFO     | experiences.runner:boucle:387 - [execution] 1737/3161 déplacements (55.0 %) · 500/894 personnes · 2858 s écoulées · reste ≈ 2343 s · sollicitations 1360 · attentes 1 {'passerelle_occupee': 1}
2026-09-17 05:35:44.166 | INFO     | experiences.runner:boucle:387 - [execution] 1747/3161 déplacements (55.3 %) · 501/894 personnes · 2863 s écoulées · reste ≈ 2317 s · sollicitations 1368 · attentes 1 {'passerelle_occupee': 1}
2026-09-17 05:35:49.172 | INFO     | experiences.runner:boucle:387 - [execution] 1747/3161 déplacements (55.3 %) · 501/894 personnes · 2868 s écoulées · reste ≈ 2321 s · sollicitations 1368 · attentes 1 {'passerelle_occupee': 1}
2026-09-17 05:35:54.185 | INFO     | experiences.runner:boucle:387 - [execution] 1747/3161 déplacements (55.3 %) · 501/894 personnes · 2873 s écoulées · reste ≈ 2326 s · sollicitations 1368 · attentes 1 {'passerelle_occupee': 1}
2026-09-17 05:35:59.188 | INFO     | experiences.runner:boucle:387 - [execution] 1756/3161 déplacements (55.6 %) · 504/894 personnes · 2878 s écoulées · reste ≈ 2303 s · sollicitations 1376 · attentes 1 {'passerelle_occupee': 1}
2026-09-17 05:36:04.193 | INFO     | experiences.runner:boucle:387 - [execution] 1756/3161 déplacements (55.6 %) · 504/894 personnes · 2883 s écoulées · reste ≈ 2307 s · sollicitations 1376 · attentes 1 {'passerelle_occupee': 1}
2026-09-17 05:36:09.199 | INFO     | experiences.runner:boucle:387 - [execution] 1756/3161 déplacements (55.6 %) · 504/894 personnes · 2888 s écoulées · reste ≈ 2311 s · sollicitations 1376 · attentes 1 {'passerelle_occupee': 1}
2026-09-17 05:36:14.203 | INFO     | experiences.runner:boucle:387 - [execution] 1767/3161 déplacements (55.9 %) · 507/894 personnes · 2893 s écoulées · reste ≈ 2282 s · sollicitations 1384 · attentes 1 {'passerelle_occupee': 1}
2026-09-17 05:36:19.207 | INFO     | experiences.runner:boucle:387 - [execution] 1767/3161 déplacements (55.9 %) · 507/894 personnes · 2898 s écoulées · reste ≈ 2286 s · sollicitations 1384 · attentes 1 {'passerelle_occupee': 1}
2026-09-17 05:36:24.213 | INFO     | experiences.runner:boucle:387 - [execution] 1767/3161 déplacements (55.9 %) · 507/894 personnes · 2903 s écoulées · reste ≈ 2290 s · sollicitations 1384 · attentes 1 {'passerelle_occupee': 1}
2026-09-17 05:36:29.218 | INFO     | experiences.runner:boucle:387 - [execution] 1777/3161 déplacements (56.2 %) · 511/894 personnes · 2908 s écoulées · reste ≈ 2265 s · sollicitations 1392 · attentes 1 {'passerelle_occupee': 1}
2026-09-17 05:36:34.228 | INFO     | experiences.runner:boucle:387 - [execution] 1777/3161 déplacements (56.2 %) · 511/894 personnes · 2913 s écoulées · reste ≈ 2269 s · sollicitations 1392 · attentes 1 {'passerelle_occupee': 1}
2026-09-17 05:36:39.232 | INFO     | experiences.runner:boucle:387 - [execution] 1777/3161 déplacements (56.2 %) · 511/894 personnes · 2918 s écoulées · reste ≈ 2273 s · sollicitations 1392 · attentes 1 {'passerelle_occupee': 1}
2026-09-17 05:36:44.244 | INFO     | experiences.runner:boucle:387 - [execution] 1788/3161 déplacements (56.6 %) · 515/894 personnes · 2923 s écoulées · reste ≈ 2245 s · sollicitations 1400 · attentes 1 {'passerelle_occupee': 1}
2026-09-17 05:36:49.251 | INFO     | experiences.runner:boucle:387 - [execution] 1788/3161 déplacements (56.6 %) · 515/894 personnes · 2928 s écoulées · reste ≈ 2249 s · sollicitations 1400 · attentes 1 {'passerelle_occupee': 1}
2026-09-17 05:36:54.254 | INFO     | experiences.runner:boucle:387 - [execution] 1788/3161 déplacements (56.6 %) · 515/894 personnes · 2933 s écoulées · reste ≈ 2252 s · sollicitations 1400 · attentes 1 {'passerelle_occupee': 1}
2026-09-17 05:36:59.258 | INFO     | experiences.runner:boucle:387 - [execution] 1788/3161 déplacements (56.6 %) · 515/894 personnes · 2938 s écoulées · reste ≈ 2256 s · sollicitations 1400 · attentes 1 {'passerelle_occupee': 1}
2026-09-17 05:37:04.263 | INFO     | experiences.runner:boucle:387 - [execution] 1800/3161 déplacements (56.9 %) · 517/894 personnes · 2943 s écoulées · reste ≈ 2225 s · sollicitations 1408 · attentes 1 {'passerelle_occupee': 1}
2026-09-17 05:37:09.271 | INFO     | experiences.runner:boucle:387 - [execution] 1800/3161 déplacements (56.9 %) · 517/894 personnes · 2948 s écoulées · reste ≈ 2229 s · sollicitations 1408 · attentes 1 {'passerelle_occupee': 1}
2026-09-17 05:37:14.276 | INFO     | experiences.runner:boucle:387 - [execution] 1800/3161 déplacements (56.9 %) · 517/894 personnes · 2953 s écoulées · reste ≈ 2233 s · sollicitations 1408 · attentes 1 {'passerelle_occupee': 1}
2026-09-17 05:37:19.280 | INFO     | experiences.runner:boucle:387 - [execution] 1811/3161 déplacements (57.3 %) · 521/894 personnes · 2958 s écoulées · reste ≈ 2205 s · sollicitations 1416 · attentes 1 {'passerelle_occupee': 1}
2026-09-17 05:37:24.284 | INFO     | experiences.runner:boucle:387 - [execution] 1811/3161 déplacements (57.3 %) · 521/894 personnes · 2963 s écoulées · reste ≈ 2209 s · sollicitations 1416 · attentes 1 {'passerelle_occupee': 1}
2026-09-17 05:37:29.299 | INFO     | experiences.runner:boucle:387 - [execution] 1811/3161 déplacements (57.3 %) · 521/894 personnes · 2968 s écoulées · reste ≈ 2213 s · sollicitations 1416 · attentes 1 {'passerelle_occupee': 1}
2026-09-17 05:37:33.293 | ERROR    | llm_gateway.sdk.client:_observe:427 - Task failed | task_id=d77ff0a8-b56f-493b-b1a2-47a29bf3fa19 category=itinary_multi_agent wait=16.9s error=No error detail
2026-09-17 05:37:33.293 | WARNING  | urban_mobility_agents.agents.llm_agent:evaluate_and_choose_travel_plan:1448 - aplan_trip: gateway a retourné un résultat invalide pour 841986: Format de réponse invalide ou timeout.
2026-09-17 05:37:34.303 | INFO     | experiences.runner:boucle:387 - [execution] 1821/3161 déplacements (57.6 %) · 524/894 personnes · 2973 s écoulées · reste ≈ 2188 s · sollicitations 1424 · attentes 2 {'passerelle_occupee': 2}
2026-09-17 05:37:39.312 | INFO     | experiences.runner:boucle:387 - [execution] 1821/3161 déplacements (57.6 %) · 524/894 personnes · 2978 s écoulées · reste ≈ 2192 s · sollicitations 1424 · attentes 2 {'passerelle_occupee': 2}
2026-09-17 05:37:44.326 | INFO     | experiences.runner:boucle:387 - [execution] 1821/3161 déplacements (57.6 %) · 524/894 personnes · 2983 s écoulées · reste ≈ 2195 s · sollicitations 1424 · attentes 2 {'passerelle_occupee': 2}
2026-09-17 05:37:49.329 | INFO     | experiences.runner:boucle:387 - [execution] 1830/3161 déplacements (57.9 %) · 528/894 personnes · 2988 s écoulées · reste ≈ 2173 s · sollicitations 1432 · attentes 2 {'passerelle_occupee': 2}
2026-09-17 05:37:54.333 | INFO     | experiences.runner:boucle:387 - [execution] 1831/3161 déplacements (57.9 %) · 529/894 personnes · 2993 s écoulées · reste ≈ 2174 s · sollicitations 1433 · attentes 2 {'passerelle_occupee': 2}
2026-09-17 05:37:59.336 | INFO     | experiences.runner:boucle:387 - [execution] 1833/3161 déplacements (58.0 %) · 530/894 personnes · 2998 s écoulées · reste ≈ 2172 s · sollicitations 1435 · attentes 2 {'passerelle_occupee': 2}
2026-09-17 05:38:04.344 | INFO     | experiences.runner:boucle:387 - [execution] 1843/3161 déplacements (58.3 %) · 533/894 personnes · 3003 s écoulées · reste ≈ 2148 s · sollicitations 1444 · attentes 2 {'passerelle_occupee': 2}
2026-09-17 05:38:09.352 | INFO     | experiences.runner:boucle:387 - [execution] 1844/3161 déplacements (58.3 %) · 533/894 personnes · 3008 s écoulées · reste ≈ 2149 s · sollicitations 1445 · attentes 2 {'passerelle_occupee': 2}
2026-09-17 05:38:14.356 | INFO     | experiences.runner:boucle:387 - [execution] 1845/3161 déplacements (58.4 %) · 534/894 personnes · 3013 s écoulées · reste ≈ 2149 s · sollicitations 1446 · attentes 2 {'passerelle_occupee': 2}
2026-09-17 05:38:19.366 | INFO     | experiences.runner:boucle:387 - [execution] 1854/3161 déplacements (58.7 %) · 536/894 personnes · 3018 s écoulées · reste ≈ 2128 s · sollicitations 1454 · attentes 2 {'passerelle_occupee': 2}
2026-09-17 05:38:24.373 | INFO     | experiences.runner:boucle:387 - [execution] 1856/3161 déplacements (58.7 %) · 537/894 personnes · 3023 s écoulées · reste ≈ 2126 s · sollicitations 1456 · attentes 2 {'passerelle_occupee': 2}
2026-09-17 05:38:29.382 | INFO     | experiences.runner:boucle:387 - [execution] 1865/3161 déplacements (59.0 %) · 538/894 personnes · 3028 s écoulées · reste ≈ 2104 s · sollicitations 1464 · attentes 2 {'passerelle_occupee': 2}
2026-09-17 05:38:34.385 | INFO     | experiences.runner:boucle:387 - [execution] 1866/3161 déplacements (59.0 %) · 540/894 personnes · 3033 s écoulées · reste ≈ 2105 s · sollicitations 1465 · attentes 2 {'passerelle_occupee': 2}
2026-09-17 05:38:39.390 | INFO     | experiences.runner:boucle:387 - [execution] 1875/3161 déplacements (59.3 %) · 542/894 personnes · 3038 s écoulées · reste ≈ 2084 s · sollicitations 1473 · attentes 2 {'passerelle_occupee': 2}
2026-09-17 05:38:44.396 | INFO     | experiences.runner:boucle:387 - [execution] 1876/3161 déplacements (59.3 %) · 543/894 personnes · 3043 s écoulées · reste ≈ 2085 s · sollicitations 1474 · attentes 2 {'passerelle_occupee': 2}
2026-09-17 05:38:49.400 | INFO     | experiences.runner:boucle:387 - [execution] 1877/3161 déplacements (59.4 %) · 543/894 personnes · 3048 s écoulées · reste ≈ 2085 s · sollicitations 1475 · attentes 2 {'passerelle_occupee': 2}
2026-09-17 05:38:54.404 | INFO     | experiences.runner:boucle:387 - [execution] 1885/3161 déplacements (59.6 %) · 545/894 personnes · 3053 s écoulées · reste ≈ 2067 s · sollicitations 1483 · attentes 2 {'passerelle_occupee': 2}
2026-09-17 05:38:59.412 | INFO     | experiences.runner:boucle:387 - [execution] 1887/3161 déplacements (59.7 %) · 545/894 personnes · 3058 s écoulées · reste ≈ 2065 s · sollicitations 1484 · attentes 2 {'passerelle_occupee': 2}
2026-09-17 05:39:04.418 | INFO     | experiences.runner:boucle:387 - [execution] 1888/3161 déplacements (59.7 %) · 545/894 personnes · 3063 s écoulées · reste ≈ 2066 s · sollicitations 1485 · attentes 2 {'passerelle_occupee': 2}
2026-09-17 05:39:09.427 | INFO     | experiences.runner:boucle:387 - [execution] 1899/3161 déplacements (60.1 %) · 547/894 personnes · 3068 s écoulées · reste ≈ 2039 s · sollicitations 1494 · attentes 2 {'passerelle_occupee': 2}
2026-09-17 05:39:14.431 | INFO     | experiences.runner:boucle:387 - [execution] 1899/3161 déplacements (60.1 %) · 547/894 personnes · 3073 s écoulées · reste ≈ 2042 s · sollicitations 1494 · attentes 2 {'passerelle_occupee': 2}
2026-09-17 05:39:19.435 | INFO     | experiences.runner:boucle:387 - [execution] 1899/3161 déplacements (60.1 %) · 547/894 personnes · 3078 s écoulées · reste ≈ 2046 s · sollicitations 1494 · attentes 2 {'passerelle_occupee': 2}
2026-09-17 05:39:24.438 | INFO     | experiences.runner:boucle:387 - [execution] 1899/3161 déplacements (60.1 %) · 547/894 personnes · 3083 s écoulées · reste ≈ 2049 s · sollicitations 1494 · attentes 2 {'passerelle_occupee': 2}
2026-09-17 05:39:29.443 | INFO     | experiences.runner:boucle:387 - [execution] 1909/3161 déplacements (60.4 %) · 550/894 personnes · 3088 s écoulées · reste ≈ 2026 s · sollicitations 1502 · attentes 2 {'passerelle_occupee': 2}
2026-09-17 05:39:34.449 | INFO     | experiences.runner:boucle:387 - [execution] 1909/3161 déplacements (60.4 %) · 550/894 personnes · 3093 s écoulées · reste ≈ 2029 s · sollicitations 1502 · attentes 2 {'passerelle_occupee': 2}
2026-09-17 05:39:39.455 | INFO     | experiences.runner:boucle:387 - [execution] 1909/3161 déplacements (60.4 %) · 550/894 personnes · 3098 s écoulées · reste ≈ 2032 s · sollicitations 1502 · attentes 2 {'passerelle_occupee': 2}
2026-09-17 05:39:44.465 | INFO     | experiences.runner:boucle:387 - [execution] 1921/3161 déplacements (60.8 %) · 555/894 personnes · 3103 s écoulées · reste ≈ 2003 s · sollicitations 1510 · attentes 2 {'passerelle_occupee': 2}
2026-09-17 05:39:49.476 | INFO     | experiences.runner:boucle:387 - [execution] 1921/3161 déplacements (60.8 %) · 555/894 personnes · 3108 s écoulées · reste ≈ 2007 s · sollicitations 1510 · attentes 2 {'passerelle_occupee': 2}
2026-09-17 05:39:54.479 | INFO     | experiences.runner:boucle:387 - [execution] 1921/3161 déplacements (60.8 %) · 555/894 personnes · 3113 s écoulées · reste ≈ 2010 s · sollicitations 1510 · attentes 2 {'passerelle_occupee': 2}
2026-09-17 05:39:59.483 | INFO     | experiences.runner:boucle:387 - [execution] 1921/3161 déplacements (60.8 %) · 555/894 personnes · 3118 s écoulées · reste ≈ 2013 s · sollicitations 1510 · attentes 2 {'passerelle_occupee': 2}
2026-09-17 05:40:04.492 | INFO     | experiences.runner:boucle:387 - [execution] 1921/3161 déplacements (60.8 %) · 555/894 personnes · 3123 s écoulées · reste ≈ 2016 s · sollicitations 1510 · attentes 2 {'passerelle_occupee': 2}
2026-09-17 05:40:09.504 | INFO     | experiences.runner:boucle:387 - [execution] 1932/3161 déplacements (61.1 %) · 557/894 personnes · 3128 s écoulées · reste ≈ 1990 s · sollicitations 1518 · attentes 2 {'passerelle_occupee': 2}
2026-09-17 05:40:14.507 | INFO     | experiences.runner:boucle:387 - [execution] 1932/3161 déplacements (61.1 %) · 557/894 personnes · 3133 s écoulées · reste ≈ 1993 s · sollicitations 1518 · attentes 2 {'passerelle_occupee': 2}
2026-09-17 05:40:19.511 | INFO     | experiences.runner:boucle:387 - [execution] 1932/3161 déplacements (61.1 %) · 557/894 personnes · 3138 s écoulées · reste ≈ 1996 s · sollicitations 1518 · attentes 2 {'passerelle_occupee': 2}
2026-09-17 05:40:24.514 | INFO     | experiences.runner:boucle:387 - [execution] 1941/3161 déplacements (61.4 %) · 558/894 personnes · 3144 s écoulées · reste ≈ 1976 s · sollicitations 1526 · attentes 2 {'passerelle_occupee': 2}
2026-09-17 05:40:29.520 | INFO     | experiences.runner:boucle:387 - [execution] 1941/3161 déplacements (61.4 %) · 558/894 personnes · 3149 s écoulées · reste ≈ 1979 s · sollicitations 1526 · attentes 2 {'passerelle_occupee': 2}
2026-09-17 05:40:34.523 | INFO     | experiences.runner:boucle:387 - [execution] 1941/3161 déplacements (61.4 %) · 558/894 personnes · 3154 s écoulées · reste ≈ 1982 s · sollicitations 1526 · attentes 2 {'passerelle_occupee': 2}
2026-09-17 05:40:39.528 | INFO     | experiences.runner:boucle:387 - [execution] 1941/3161 déplacements (61.4 %) · 558/894 personnes · 3159 s écoulées · reste ≈ 1985 s · sollicitations 1526 · attentes 2 {'passerelle_occupee': 2}
2026-09-17 05:40:44.532 | INFO     | experiences.runner:boucle:387 - [execution] 1950/3161 déplacements (61.7 %) · 560/894 personnes · 3164 s écoulées · reste ≈ 1965 s · sollicitations 1534 · attentes 2 {'passerelle_occupee': 2}
2026-09-17 05:40:49.537 | INFO     | experiences.runner:boucle:387 - [execution] 1950/3161 déplacements (61.7 %) · 560/894 personnes · 3169 s écoulées · reste ≈ 1968 s · sollicitations 1534 · attentes 2 {'passerelle_occupee': 2}
2026-09-17 05:40:54.540 | INFO     | experiences.runner:boucle:387 - [execution] 1950/3161 déplacements (61.7 %) · 560/894 personnes · 3174 s écoulées · reste ≈ 1971 s · sollicitations 1534 · attentes 2 {'passerelle_occupee': 2}
2026-09-17 05:40:59.543 | INFO     | experiences.runner:boucle:387 - [execution] 1959/3161 déplacements (62.0 %) · 562/894 personnes · 3179 s écoulées · reste ≈ 1950 s · sollicitations 1542 · attentes 2 {'passerelle_occupee': 2}
2026-09-17 05:41:04.546 | INFO     | experiences.runner:boucle:387 - [execution] 1959/3161 déplacements (62.0 %) · 562/894 personnes · 3184 s écoulées · reste ≈ 1953 s · sollicitations 1542 · attentes 2 {'passerelle_occupee': 2}
2026-09-17 05:41:09.550 | INFO     | experiences.runner:boucle:387 - [execution] 1959/3161 déplacements (62.0 %) · 562/894 personnes · 3189 s écoulées · reste ≈ 1956 s · sollicitations 1542 · attentes 2 {'passerelle_occupee': 2}
2026-09-17 05:41:13.836 | ERROR    | llm_gateway.sdk.client:_observe:427 - Task failed | task_id=ee9884f9-0f32-42de-ae36-5c950fca4914 category=itinary_multi_agent wait=17.1s error=No error detail
2026-09-17 05:41:13.836 | WARNING  | urban_mobility_agents.agents.llm_agent:evaluate_and_choose_travel_plan:1448 - aplan_trip: gateway a retourné un résultat invalide pour 920187: Format de réponse invalide ou timeout.
2026-09-17 05:41:14.558 | INFO     | experiences.runner:boucle:387 - [execution] 1967/3161 déplacements (62.2 %) · 564/894 personnes · 3194 s écoulées · reste ≈ 1939 s · sollicitations 1550 · attentes 3 {'passerelle_occupee': 3}
2026-09-17 05:41:19.562 | INFO     | experiences.runner:boucle:387 - [execution] 1967/3161 déplacements (62.2 %) · 564/894 personnes · 3199 s écoulées · reste ≈ 1942 s · sollicitations 1550 · attentes 3 {'passerelle_occupee': 3}
2026-09-17 05:41:24.566 | INFO     | experiences.runner:boucle:387 - [execution] 1967/3161 déplacements (62.2 %) · 564/894 personnes · 3204 s écoulées · reste ≈ 1945 s · sollicitations 1550 · attentes 3 {'passerelle_occupee': 3}
2026-09-17 05:41:29.573 | INFO     | experiences.runner:boucle:387 - [execution] 1978/3161 déplacements (62.6 %) · 568/894 personnes · 3209 s écoulées · reste ≈ 1919 s · sollicitations 1558 · attentes 3 {'passerelle_occupee': 3}
2026-09-17 05:41:34.577 | INFO     | experiences.runner:boucle:387 - [execution] 1979/3161 déplacements (62.6 %) · 568/894 personnes · 3214 s écoulées · reste ≈ 1919 s · sollicitations 1559 · attentes 3 {'passerelle_occupee': 3}
2026-09-17 05:41:39.585 | INFO     | experiences.runner:boucle:387 - [execution] 1980/3161 déplacements (62.6 %) · 568/894 personnes · 3219 s écoulées · reste ≈ 1920 s · sollicitations 1560 · attentes 3 {'passerelle_occupee': 3}
2026-09-17 05:41:44.588 | INFO     | experiences.runner:boucle:387 - [execution] 1990/3161 déplacements (63.0 %) · 569/894 personnes · 3224 s écoulées · reste ≈ 1897 s · sollicitations 1568 · attentes 3 {'passerelle_occupee': 3}
2026-09-17 05:41:49.593 | INFO     | experiences.runner:boucle:387 - [execution] 1991/3161 déplacements (63.0 %) · 569/894 personnes · 3229 s écoulées · reste ≈ 1897 s · sollicitations 1569 · attentes 3 {'passerelle_occupee': 3}
2026-09-17 05:41:54.596 | INFO     | experiences.runner:boucle:387 - [execution] 1993/3161 déplacements (63.0 %) · 569/894 personnes · 3234 s écoulées · reste ≈ 1895 s · sollicitations 1571 · attentes 3 {'passerelle_occupee': 3}
2026-09-17 05:41:59.605 | INFO     | experiences.runner:boucle:387 - [execution] 2002/3161 déplacements (63.3 %) · 570/894 personnes · 3239 s écoulées · reste ≈ 1875 s · sollicitations 1579 · attentes 3 {'passerelle_occupee': 3}
2026-09-17 05:42:04.611 | INFO     | experiences.runner:boucle:387 - [execution] 2003/3161 déplacements (63.4 %) · 570/894 personnes · 3244 s écoulées · reste ≈ 1875 s · sollicitations 1580 · attentes 3 {'passerelle_occupee': 3}
2026-09-17 05:42:09.623 | INFO     | experiences.runner:boucle:387 - [execution] 2012/3161 déplacements (63.7 %) · 573/894 personnes · 3249 s écoulées · reste ≈ 1855 s · sollicitations 1588 · attentes 3 {'passerelle_occupee': 3}
2026-09-17 05:42:14.630 | INFO     | experiences.runner:boucle:387 - [execution] 2013/3161 déplacements (63.7 %) · 573/894 personnes · 3254 s écoulées · reste ≈ 1856 s · sollicitations 1589 · attentes 3 {'passerelle_occupee': 3}
2026-09-17 05:42:19.637 | INFO     | experiences.runner:boucle:387 - [execution] 2015/3161 déplacements (63.7 %) · 574/894 personnes · 3259 s écoulées · reste ≈ 1853 s · sollicitations 1591 · attentes 3 {'passerelle_occupee': 3}
2026-09-17 05:42:24.641 | INFO     | experiences.runner:boucle:387 - [execution] 2023/3161 déplacements (64.0 %) · 577/894 personnes · 3264 s écoulées · reste ≈ 1836 s · sollicitations 1599 · attentes 3 {'passerelle_occupee': 3}
2026-09-17 05:42:29.645 | INFO     | experiences.runner:boucle:387 - [execution] 2025/3161 déplacements (64.1 %) · 577/894 personnes · 3269 s écoulées · reste ≈ 1834 s · sollicitations 1600 · attentes 3 {'passerelle_occupee': 3}
2026-09-17 05:42:34.647 | INFO     | experiences.runner:boucle:387 - [execution] 2028/3161 déplacements (64.2 %) · 578/894 personnes · 3274 s écoulées · reste ≈ 1829 s · sollicitations 1602 · attentes 3 {'passerelle_occupee': 3}
2026-09-17 05:42:39.650 | INFO     | experiences.runner:boucle:387 - [execution] 2036/3161 déplacements (64.4 %) · 580/894 personnes · 3279 s écoulées · reste ≈ 1812 s · sollicitations 1610 · attentes 3 {'passerelle_occupee': 3}
2026-09-17 05:42:44.655 | INFO     | experiences.runner:boucle:387 - [execution] 2038/3161 déplacements (64.5 %) · 581/894 personnes · 3284 s écoulées · reste ≈ 1809 s · sollicitations 1611 · attentes 3 {'passerelle_occupee': 3}
2026-09-17 05:42:49.661 | INFO     | experiences.runner:boucle:387 - [execution] 2049/3161 déplacements (64.8 %) · 585/894 personnes · 3289 s écoulées · reste ≈ 1785 s · sollicitations 1619 · attentes 3 {'passerelle_occupee': 3}
2026-09-17 05:42:54.664 | INFO     | experiences.runner:boucle:387 - [execution] 2050/3161 déplacements (64.9 %) · 585/894 personnes · 3294 s écoulées · reste ≈ 1785 s · sollicitations 1620 · attentes 3 {'passerelle_occupee': 3}
2026-09-17 05:42:59.669 | INFO     | experiences.runner:boucle:387 - [execution] 2051/3161 déplacements (64.9 %) · 586/894 personnes · 3299 s écoulées · reste ≈ 1785 s · sollicitations 1621 · attentes 3 {'passerelle_occupee': 3}
2026-09-17 05:43:04.676 | INFO     | experiences.runner:boucle:387 - [execution] 2053/3161 déplacements (64.9 %) · 586/894 personnes · 3304 s écoulées · reste ≈ 1783 s · sollicitations 1623 · attentes 3 {'passerelle_occupee': 3}
2026-09-17 05:43:05.015 | ERROR    | llm_gateway.sdk.client:_observe:427 - Task failed | task_id=940f2124-8c7f-4796-8d3f-79d80dbc7911 category=itinary_multi_agent wait=15.9s error=No error detail
2026-09-17 05:43:05.015 | WARNING  | urban_mobility_agents.agents.llm_agent:evaluate_and_choose_travel_plan:1448 - aplan_trip: gateway a retourné un résultat invalide pour 947477: Format de réponse invalide ou timeout.
2026-09-17 05:43:09.680 | INFO     | experiences.runner:boucle:387 - [execution] 2063/3161 déplacements (65.3 %) · 589/894 personnes · 3309 s écoulées · reste ≈ 1761 s · sollicitations 1631 · attentes 4 {'passerelle_occupee': 4}
2026-09-17 05:43:14.683 | INFO     | experiences.runner:boucle:387 - [execution] 2064/3161 déplacements (65.3 %) · 589/894 personnes · 3314 s écoulées · reste ≈ 1761 s · sollicitations 1632 · attentes 4 {'passerelle_occupee': 4}
2026-09-17 05:43:19.696 | INFO     | experiences.runner:boucle:387 - [execution] 2073/3161 déplacements (65.6 %) · 592/894 personnes · 3319 s écoulées · reste ≈ 1742 s · sollicitations 1640 · attentes 4 {'passerelle_occupee': 4}
2026-09-17 05:43:24.700 | INFO     | experiences.runner:boucle:387 - [execution] 2074/3161 déplacements (65.6 %) · 592/894 personnes · 3324 s écoulées · reste ≈ 1742 s · sollicitations 1641 · attentes 4 {'passerelle_occupee': 4}
2026-09-17 05:43:29.705 | INFO     | experiences.runner:boucle:387 - [execution] 2075/3161 déplacements (65.6 %) · 592/894 personnes · 3329 s écoulées · reste ≈ 1742 s · sollicitations 1642 · attentes 4 {'passerelle_occupee': 4}
2026-09-17 05:43:34.714 | INFO     | experiences.runner:boucle:387 - [execution] 2083/3161 déplacements (65.9 %) · 593/894 personnes · 3334 s écoulées · reste ≈ 1725 s · sollicitations 1650 · attentes 4 {'passerelle_occupee': 4}
2026-09-17 05:43:39.720 | INFO     | experiences.runner:boucle:387 - [execution] 2083/3161 déplacements (65.9 %) · 593/894 personnes · 3339 s écoulées · reste ≈ 1728 s · sollicitations 1650 · attentes 4 {'passerelle_occupee': 4}
2026-09-17 05:43:44.723 | INFO     | experiences.runner:boucle:387 - [execution] 2083/3161 déplacements (65.9 %) · 593/894 personnes · 3344 s écoulées · reste ≈ 1730 s · sollicitations 1650 · attentes 4 {'passerelle_occupee': 4}
2026-09-17 05:43:49.733 | INFO     | experiences.runner:boucle:387 - [execution] 2092/3161 déplacements (66.2 %) · 597/894 personnes · 3349 s écoulées · reste ≈ 1711 s · sollicitations 1658 · attentes 4 {'passerelle_occupee': 4}
2026-09-17 05:43:54.736 | INFO     | experiences.runner:boucle:387 - [execution] 2092/3161 déplacements (66.2 %) · 597/894 personnes · 3354 s écoulées · reste ≈ 1714 s · sollicitations 1658 · attentes 4 {'passerelle_occupee': 4}
2026-09-17 05:43:59.740 | INFO     | experiences.runner:boucle:387 - [execution] 2092/3161 déplacements (66.2 %) · 597/894 personnes · 3359 s écoulées · reste ≈ 1716 s · sollicitations 1658 · attentes 4 {'passerelle_occupee': 4}
2026-09-17 05:44:04.743 | INFO     | experiences.runner:boucle:387 - [execution] 2092/3161 déplacements (66.2 %) · 597/894 personnes · 3364 s écoulées · reste ≈ 1719 s · sollicitations 1658 · attentes 4 {'passerelle_occupee': 4}
2026-09-17 05:44:09.746 | INFO     | experiences.runner:boucle:387 - [execution] 2092/3161 déplacements (66.2 %) · 597/894 personnes · 3369 s écoulées · reste ≈ 1721 s · sollicitations 1658 · attentes 4 {'passerelle_occupee': 4}
2026-09-17 05:44:14.746 | INFO     | experiences.runner:boucle:387 - [execution] 2101/3161 déplacements (66.5 %) · 598/894 personnes · 3374 s écoulées · reste ≈ 1702 s · sollicitations 1666 · attentes 4 {'passerelle_occupee': 4}
2026-09-17 05:44:19.752 | INFO     | experiences.runner:boucle:387 - [execution] 2101/3161 déplacements (66.5 %) · 598/894 personnes · 3379 s écoulées · reste ≈ 1705 s · sollicitations 1666 · attentes 4 {'passerelle_occupee': 4}
2026-09-17 05:44:24.759 | INFO     | experiences.runner:boucle:387 - [execution] 2101/3161 déplacements (66.5 %) · 598/894 personnes · 3384 s écoulées · reste ≈ 1707 s · sollicitations 1666 · attentes 4 {'passerelle_occupee': 4}
2026-09-17 05:44:29.772 | INFO     | experiences.runner:boucle:387 - [execution] 2110/3161 déplacements (66.8 %) · 601/894 personnes · 3389 s écoulées · reste ≈ 1688 s · sollicitations 1674 · attentes 4 {'passerelle_occupee': 4}
2026-09-17 05:44:34.779 | INFO     | experiences.runner:boucle:387 - [execution] 2110/3161 déplacements (66.8 %) · 601/894 personnes · 3394 s écoulées · reste ≈ 1690 s · sollicitations 1674 · attentes 4 {'passerelle_occupee': 4}
2026-09-17 05:44:39.783 | INFO     | experiences.runner:boucle:387 - [execution] 2110/3161 déplacements (66.8 %) · 601/894 personnes · 3399 s écoulées · reste ≈ 1693 s · sollicitations 1674 · attentes 4 {'passerelle_occupee': 4}
2026-09-17 05:44:44.789 | INFO     | experiences.runner:boucle:387 - [execution] 2120/3161 déplacements (67.1 %) · 601/894 personnes · 3404 s écoulées · reste ≈ 1671 s · sollicitations 1682 · attentes 4 {'passerelle_occupee': 4}
2026-09-17 05:44:49.793 | INFO     | experiences.runner:boucle:387 - [execution] 2120/3161 déplacements (67.1 %) · 601/894 personnes · 3409 s écoulées · reste ≈ 1674 s · sollicitations 1682 · attentes 4 {'passerelle_occupee': 4}
2026-09-17 05:44:54.796 | INFO     | experiences.runner:boucle:387 - [execution] 2120/3161 déplacements (67.1 %) · 601/894 personnes · 3414 s écoulées · reste ≈ 1676 s · sollicitations 1682 · attentes 4 {'passerelle_occupee': 4}
2026-09-17 05:44:59.808 | INFO     | experiences.runner:boucle:387 - [execution] 2120/3161 déplacements (67.1 %) · 601/894 personnes · 3419 s écoulées · reste ≈ 1679 s · sollicitations 1682 · attentes 4 {'passerelle_occupee': 4}
2026-09-17 05:45:04.814 | INFO     | experiences.runner:boucle:387 - [execution] 2131/3161 déplacements (67.4 %) · 602/894 personnes · 3424 s écoulées · reste ≈ 1655 s · sollicitations 1690 · attentes 4 {'passerelle_occupee': 4}
2026-09-17 05:45:09.820 | INFO     | experiences.runner:boucle:387 - [execution] 2131/3161 déplacements (67.4 %) · 602/894 personnes · 3429 s écoulées · reste ≈ 1657 s · sollicitations 1690 · attentes 4 {'passerelle_occupee': 4}
2026-09-17 05:45:14.824 | INFO     | experiences.runner:boucle:387 - [execution] 2131/3161 déplacements (67.4 %) · 602/894 personnes · 3434 s écoulées · reste ≈ 1660 s · sollicitations 1690 · attentes 4 {'passerelle_occupee': 4}
2026-09-17 05:45:19.827 | INFO     | experiences.runner:boucle:387 - [execution] 2141/3161 déplacements (67.7 %) · 604/894 personnes · 3439 s écoulées · reste ≈ 1638 s · sollicitations 1698 · attentes 4 {'passerelle_occupee': 4}
2026-09-17 05:45:24.830 | INFO     | experiences.runner:boucle:387 - [execution] 2141/3161 déplacements (67.7 %) · 604/894 personnes · 3444 s écoulées · reste ≈ 1641 s · sollicitations 1698 · attentes 4 {'passerelle_occupee': 4}
2026-09-17 05:45:29.838 | INFO     | experiences.runner:boucle:387 - [execution] 2141/3161 déplacements (67.7 %) · 604/894 personnes · 3449 s écoulées · reste ≈ 1643 s · sollicitations 1698 · attentes 4 {'passerelle_occupee': 4}
2026-09-17 05:45:34.842 | INFO     | experiences.runner:boucle:387 - [execution] 2141/3161 déplacements (67.7 %) · 604/894 personnes · 3454 s écoulées · reste ≈ 1645 s · sollicitations 1698 · attentes 4 {'passerelle_occupee': 4}
2026-09-17 05:45:39.846 | INFO     | experiences.runner:boucle:387 - [execution] 2152/3161 déplacements (68.1 %) · 611/894 personnes · 3459 s écoulées · reste ≈ 1622 s · sollicitations 1706 · attentes 4 {'passerelle_occupee': 4}
2026-09-17 05:45:44.848 | INFO     | experiences.runner:boucle:387 - [execution] 2152/3161 déplacements (68.1 %) · 611/894 personnes · 3464 s écoulées · reste ≈ 1624 s · sollicitations 1706 · attentes 4 {'passerelle_occupee': 4}
2026-09-17 05:45:49.852 | INFO     | experiences.runner:boucle:387 - [execution] 2152/3161 déplacements (68.1 %) · 611/894 personnes · 3469 s écoulées · reste ≈ 1626 s · sollicitations 1706 · attentes 4 {'passerelle_occupee': 4}
2026-09-17 05:45:54.856 | INFO     | experiences.runner:boucle:387 - [execution] 2165/3161 déplacements (68.5 %) · 612/894 personnes · 3474 s écoulées · reste ≈ 1598 s · sollicitations 1714 · attentes 4 {'passerelle_occupee': 4}
2026-09-17 05:45:59.860 | INFO     | experiences.runner:boucle:387 - [execution] 2165/3161 déplacements (68.5 %) · 612/894 personnes · 3479 s écoulées · reste ≈ 1600 s · sollicitations 1714 · attentes 4 {'passerelle_occupee': 4}
2026-09-17 05:46:04.864 | INFO     | experiences.runner:boucle:387 - [execution] 2165/3161 déplacements (68.5 %) · 612/894 personnes · 3484 s écoulées · reste ≈ 1603 s · sollicitations 1714 · attentes 4 {'passerelle_occupee': 4}
2026-09-17 05:46:09.873 | INFO     | experiences.runner:boucle:387 - [execution] 2165/3161 déplacements (68.5 %) · 612/894 personnes · 3489 s écoulées · reste ≈ 1605 s · sollicitations 1714 · attentes 4 {'passerelle_occupee': 4}
2026-09-17 05:46:14.734 | INFO     | experiences.runner:boucle:387 - [execution] 2175/3161 déplacements (68.8 %) · 615/894 personnes · 3494 s écoulées · reste ≈ 1584 s · sollicitations 1722 · attentes 4 {'passerelle_occupee': 4}
2026-09-17 05:46:19.738 | INFO     | experiences.runner:boucle:387 - [execution] 2175/3161 déplacements (68.8 %) · 615/894 personnes · 3499 s écoulées · reste ≈ 1586 s · sollicitations 1722 · attentes 4 {'passerelle_occupee': 4}
2026-09-17 05:46:24.745 | INFO     | experiences.runner:boucle:387 - [execution] 2175/3161 déplacements (68.8 %) · 615/894 personnes · 3504 s écoulées · reste ≈ 1588 s · sollicitations 1722 · attentes 4 {'passerelle_occupee': 4}
2026-09-17 05:46:29.757 | INFO     | experiences.runner:boucle:387 - [execution] 2184/3161 déplacements (69.1 %) · 616/894 personnes · 3509 s écoulées · reste ≈ 1570 s · sollicitations 1730 · attentes 4 {'passerelle_occupee': 4}
2026-09-17 05:46:34.761 | INFO     | experiences.runner:boucle:387 - [execution] 2184/3161 déplacements (69.1 %) · 616/894 personnes · 3514 s écoulées · reste ≈ 1572 s · sollicitations 1730 · attentes 4 {'passerelle_occupee': 4}
2026-09-17 05:46:39.766 | INFO     | experiences.runner:boucle:387 - [execution] 2184/3161 déplacements (69.1 %) · 616/894 personnes · 3519 s écoulées · reste ≈ 1574 s · sollicitations 1730 · attentes 4 {'passerelle_occupee': 4}
2026-09-17 05:46:44.769 | INFO     | experiences.runner:boucle:387 - [execution] 2184/3161 déplacements (69.1 %) · 616/894 personnes · 3524 s écoulées · reste ≈ 1576 s · sollicitations 1730 · attentes 4 {'passerelle_occupee': 4}
2026-09-17 05:46:49.776 | INFO     | experiences.runner:boucle:387 - [execution] 2184/3161 déplacements (69.1 %) · 616/894 personnes · 3529 s écoulées · reste ≈ 1579 s · sollicitations 1730 · attentes 4 {'passerelle_occupee': 4}
2026-09-17 05:46:54.789 | INFO     | experiences.runner:boucle:387 - [execution] 2193/3161 déplacements (69.4 %) · 617/894 personnes · 3534 s écoulées · reste ≈ 1560 s · sollicitations 1738 · attentes 4 {'passerelle_occupee': 4}
2026-09-17 05:46:59.793 | INFO     | experiences.runner:boucle:387 - [execution] 2193/3161 déplacements (69.4 %) · 617/894 personnes · 3539 s écoulées · reste ≈ 1562 s · sollicitations 1738 · attentes 4 {'passerelle_occupee': 4}
2026-09-17 05:47:04.796 | INFO     | experiences.runner:boucle:387 - [execution] 2193/3161 déplacements (69.4 %) · 617/894 personnes · 3544 s écoulées · reste ≈ 1564 s · sollicitations 1738 · attentes 4 {'passerelle_occupee': 4}
2026-09-17 05:47:09.800 | INFO     | experiences.runner:boucle:387 - [execution] 2193/3161 déplacements (69.4 %) · 617/894 personnes · 3549 s écoulées · reste ≈ 1567 s · sollicitations 1738 · attentes 4 {'passerelle_occupee': 4}
2026-09-17 05:47:14.805 | INFO     | experiences.runner:boucle:387 - [execution] 2203/3161 déplacements (69.7 %) · 620/894 personnes · 3554 s écoulées · reste ≈ 1545 s · sollicitations 1746 · attentes 4 {'passerelle_occupee': 4}
2026-09-17 05:47:19.809 | INFO     | experiences.runner:boucle:387 - [execution] 2203/3161 déplacements (69.7 %) · 620/894 personnes · 3559 s écoulées · reste ≈ 1548 s · sollicitations 1746 · attentes 4 {'passerelle_occupee': 4}
2026-09-17 05:47:24.814 | INFO     | experiences.runner:boucle:387 - [execution] 2203/3161 déplacements (69.7 %) · 620/894 personnes · 3564 s écoulées · reste ≈ 1550 s · sollicitations 1746 · attentes 4 {'passerelle_occupee': 4}
2026-09-17 05:47:29.819 | INFO     | experiences.runner:boucle:387 - [execution] 2214/3161 déplacements (70.0 %) · 623/894 personnes · 3569 s écoulées · reste ≈ 1527 s · sollicitations 1754 · attentes 4 {'passerelle_occupee': 4}
2026-09-17 05:47:34.827 | INFO     | experiences.runner:boucle:387 - [execution] 2214/3161 déplacements (70.0 %) · 623/894 personnes · 3574 s écoulées · reste ≈ 1529 s · sollicitations 1754 · attentes 4 {'passerelle_occupee': 4}
2026-09-17 05:47:39.831 | INFO     | experiences.runner:boucle:387 - [execution] 2214/3161 déplacements (70.0 %) · 623/894 personnes · 3579 s écoulées · reste ≈ 1531 s · sollicitations 1754 · attentes 4 {'passerelle_occupee': 4}
2026-09-17 05:47:44.837 | INFO     | experiences.runner:boucle:387 - [execution] 2225/3161 déplacements (70.4 %) · 626/894 personnes · 3584 s écoulées · reste ≈ 1508 s · sollicitations 1762 · attentes 4 {'passerelle_occupee': 4}
2026-09-17 05:47:49.840 | INFO     | experiences.runner:boucle:387 - [execution] 2225/3161 déplacements (70.4 %) · 626/894 personnes · 3589 s écoulées · reste ≈ 1510 s · sollicitations 1762 · attentes 4 {'passerelle_occupee': 4}
2026-09-17 05:47:54.843 | INFO     | experiences.runner:boucle:387 - [execution] 2225/3161 déplacements (70.4 %) · 626/894 personnes · 3594 s écoulées · reste ≈ 1512 s · sollicitations 1762 · attentes 4 {'passerelle_occupee': 4}
2026-09-17 05:47:59.848 | INFO     | experiences.runner:boucle:387 - [execution] 2236/3161 déplacements (70.7 %) · 629/894 personnes · 3599 s écoulées · reste ≈ 1489 s · sollicitations 1770 · attentes 4 {'passerelle_occupee': 4}
2026-09-17 05:48:04.855 | INFO     | experiences.runner:boucle:387 - [execution] 2236/3161 déplacements (70.7 %) · 629/894 personnes · 3604 s écoulées · reste ≈ 1491 s · sollicitations 1770 · attentes 4 {'passerelle_occupee': 4}
2026-09-17 05:48:09.859 | INFO     | experiences.runner:boucle:387 - [execution] 2236/3161 déplacements (70.7 %) · 629/894 personnes · 3609 s écoulées · reste ≈ 1493 s · sollicitations 1770 · attentes 4 {'passerelle_occupee': 4}
2026-09-17 05:48:14.860 | INFO     | experiences.runner:boucle:387 - [execution] 2236/3161 déplacements (70.7 %) · 629/894 personnes · 3614 s écoulées · reste ≈ 1495 s · sollicitations 1770 · attentes 4 {'passerelle_occupee': 4}
2026-09-17 05:48:19.866 | INFO     | experiences.runner:boucle:387 - [execution] 2244/3161 déplacements (71.0 %) · 632/894 personnes · 3619 s écoulées · reste ≈ 1479 s · sollicitations 1778 · attentes 4 {'passerelle_occupee': 4}
2026-09-17 05:48:24.870 | INFO     | experiences.runner:boucle:387 - [execution] 2244/3161 déplacements (71.0 %) · 632/894 personnes · 3624 s écoulées · reste ≈ 1481 s · sollicitations 1778 · attentes 4 {'passerelle_occupee': 4}
2026-09-17 05:48:29.874 | INFO     | experiences.runner:boucle:387 - [execution] 2244/3161 déplacements (71.0 %) · 632/894 personnes · 3629 s écoulées · reste ≈ 1483 s · sollicitations 1778 · attentes 4 {'passerelle_occupee': 4}
2026-09-17 05:48:34.884 | INFO     | experiences.runner:boucle:387 - [execution] 2257/3161 déplacements (71.4 %) · 635/894 personnes · 3634 s écoulées · reste ≈ 1456 s · sollicitations 1786 · attentes 4 {'passerelle_occupee': 4}
2026-09-17 05:48:39.886 | INFO     | experiences.runner:boucle:387 - [execution] 2257/3161 déplacements (71.4 %) · 635/894 personnes · 3639 s écoulées · reste ≈ 1458 s · sollicitations 1786 · attentes 4 {'passerelle_occupee': 4}
2026-09-17 05:48:44.889 | INFO     | experiences.runner:boucle:387 - [execution] 2257/3161 déplacements (71.4 %) · 635/894 personnes · 3644 s écoulées · reste ≈ 1460 s · sollicitations 1786 · attentes 4 {'passerelle_occupee': 4}
2026-09-17 05:48:49.892 | INFO     | experiences.runner:boucle:387 - [execution] 2257/3161 déplacements (71.4 %) · 635/894 personnes · 3649 s écoulées · reste ≈ 1462 s · sollicitations 1786 · attentes 4 {'passerelle_occupee': 4}
2026-09-17 05:48:54.897 | INFO     | experiences.runner:boucle:387 - [execution] 2265/3161 déplacements (71.7 %) · 635/894 personnes · 3654 s écoulées · reste ≈ 1445 s · sollicitations 1794 · attentes 4 {'passerelle_occupee': 4}
2026-09-17 05:48:59.900 | INFO     | experiences.runner:boucle:387 - [execution] 2265/3161 déplacements (71.7 %) · 635/894 personnes · 3659 s écoulées · reste ≈ 1447 s · sollicitations 1794 · attentes 4 {'passerelle_occupee': 4}
2026-09-17 05:49:04.903 | INFO     | experiences.runner:boucle:387 - [execution] 2265/3161 déplacements (71.7 %) · 635/894 personnes · 3664 s écoulées · reste ≈ 1449 s · sollicitations 1794 · attentes 4 {'passerelle_occupee': 4}
2026-09-17 05:49:09.911 | INFO     | experiences.runner:boucle:387 - [execution] 2275/3161 déplacements (72.0 %) · 638/894 personnes · 3669 s écoulées · reste ≈ 1429 s · sollicitations 1802 · attentes 4 {'passerelle_occupee': 4}
2026-09-17 05:49:14.914 | INFO     | experiences.runner:boucle:387 - [execution] 2275/3161 déplacements (72.0 %) · 638/894 personnes · 3674 s écoulées · reste ≈ 1431 s · sollicitations 1802 · attentes 4 {'passerelle_occupee': 4}
2026-09-17 05:49:19.917 | INFO     | experiences.runner:boucle:387 - [execution] 2275/3161 déplacements (72.0 %) · 638/894 personnes · 3679 s écoulées · reste ≈ 1433 s · sollicitations 1802 · attentes 4 {'passerelle_occupee': 4}
2026-09-17 05:49:24.920 | INFO     | experiences.runner:boucle:387 - [execution] 2275/3161 déplacements (72.0 %) · 638/894 personnes · 3684 s écoulées · reste ≈ 1435 s · sollicitations 1802 · attentes 4 {'passerelle_occupee': 4}
2026-09-17 05:49:29.926 | INFO     | experiences.runner:boucle:387 - [execution] 2284/3161 déplacements (72.3 %) · 639/894 personnes · 3689 s écoulées · reste ≈ 1417 s · sollicitations 1810 · attentes 4 {'passerelle_occupee': 4}
2026-09-17 05:49:34.929 | INFO     | experiences.runner:boucle:387 - [execution] 2284/3161 déplacements (72.3 %) · 639/894 personnes · 3694 s écoulées · reste ≈ 1418 s · sollicitations 1810 · attentes 4 {'passerelle_occupee': 4}
2026-09-17 05:49:39.934 | INFO     | experiences.runner:boucle:387 - [execution] 2284/3161 déplacements (72.3 %) · 639/894 personnes · 3699 s écoulées · reste ≈ 1420 s · sollicitations 1810 · attentes 4 {'passerelle_occupee': 4}
2026-09-17 05:49:44.937 | INFO     | experiences.runner:boucle:387 - [execution] 2284/3161 déplacements (72.3 %) · 639/894 personnes · 3704 s écoulées · reste ≈ 1422 s · sollicitations 1810 · attentes 4 {'passerelle_occupee': 4}
2026-09-17 05:49:49.942 | INFO     | experiences.runner:boucle:387 - [execution] 2295/3161 déplacements (72.6 %) · 644/894 personnes · 3709 s écoulées · reste ≈ 1400 s · sollicitations 1818 · attentes 4 {'passerelle_occupee': 4}
2026-09-17 05:49:54.946 | INFO     | experiences.runner:boucle:387 - [execution] 2295/3161 déplacements (72.6 %) · 644/894 personnes · 3714 s écoulées · reste ≈ 1401 s · sollicitations 1818 · attentes 4 {'passerelle_occupee': 4}
2026-09-17 05:49:59.951 | INFO     | experiences.runner:boucle:387 - [execution] 2295/3161 déplacements (72.6 %) · 644/894 personnes · 3719 s écoulées · reste ≈ 1403 s · sollicitations 1818 · attentes 4 {'passerelle_occupee': 4}
2026-09-17 05:50:04.962 | INFO     | experiences.runner:boucle:387 - [execution] 2305/3161 déplacements (72.9 %) · 647/894 personnes · 3724 s écoulées · reste ≈ 1383 s · sollicitations 1826 · attentes 4 {'passerelle_occupee': 4}
2026-09-17 05:50:09.975 | INFO     | experiences.runner:boucle:387 - [execution] 2305/3161 déplacements (72.9 %) · 647/894 personnes · 3729 s écoulées · reste ≈ 1385 s · sollicitations 1826 · attentes 4 {'passerelle_occupee': 4}
2026-09-17 05:50:14.985 | INFO     | experiences.runner:boucle:387 - [execution] 2305/3161 déplacements (72.9 %) · 647/894 personnes · 3734 s écoulées · reste ≈ 1387 s · sollicitations 1826 · attentes 4 {'passerelle_occupee': 4}
2026-09-17 05:50:19.989 | INFO     | experiences.runner:boucle:387 - [execution] 2305/3161 déplacements (72.9 %) · 647/894 personnes · 3739 s écoulées · reste ≈ 1389 s · sollicitations 1826 · attentes 4 {'passerelle_occupee': 4}
2026-09-17 05:50:24.993 | INFO     | experiences.runner:boucle:387 - [execution] 2313/3161 déplacements (73.2 %) · 649/894 personnes · 3744 s écoulées · reste ≈ 1373 s · sollicitations 1834 · attentes 4 {'passerelle_occupee': 4}
2026-09-17 05:50:30.006 | INFO     | experiences.runner:boucle:387 - [execution] 2313/3161 déplacements (73.2 %) · 649/894 personnes · 3749 s écoulées · reste ≈ 1375 s · sollicitations 1834 · attentes 4 {'passerelle_occupee': 4}
2026-09-17 05:50:35.011 | INFO     | experiences.runner:boucle:387 - [execution] 2313/3161 déplacements (73.2 %) · 649/894 personnes · 3754 s écoulées · reste ≈ 1376 s · sollicitations 1834 · attentes 4 {'passerelle_occupee': 4}
2026-09-17 05:50:40.014 | INFO     | experiences.runner:boucle:387 - [execution] 2313/3161 déplacements (73.2 %) · 649/894 personnes · 3759 s écoulées · reste ≈ 1378 s · sollicitations 1834 · attentes 4 {'passerelle_occupee': 4}
2026-09-17 05:50:45.016 | INFO     | experiences.runner:boucle:387 - [execution] 2313/3161 déplacements (73.2 %) · 649/894 personnes · 3764 s écoulées · reste ≈ 1380 s · sollicitations 1834 · attentes 4 {'passerelle_occupee': 4}
2026-09-17 05:50:50.020 | INFO     | experiences.runner:boucle:387 - [execution] 2323/3161 déplacements (73.5 %) · 651/894 personnes · 3769 s écoulées · reste ≈ 1360 s · sollicitations 1842 · attentes 4 {'passerelle_occupee': 4}
2026-09-17 05:50:55.025 | INFO     | experiences.runner:boucle:387 - [execution] 2323/3161 déplacements (73.5 %) · 651/894 personnes · 3774 s écoulées · reste ≈ 1361 s · sollicitations 1842 · attentes 4 {'passerelle_occupee': 4}
2026-09-17 05:51:00.031 | INFO     | experiences.runner:boucle:387 - [execution] 2323/3161 déplacements (73.5 %) · 651/894 personnes · 3779 s écoulées · reste ≈ 1363 s · sollicitations 1842 · attentes 4 {'passerelle_occupee': 4}
2026-09-17 05:51:05.035 | INFO     | experiences.runner:boucle:387 - [execution] 2333/3161 déplacements (73.8 %) · 652/894 personnes · 3784 s écoulées · reste ≈ 1343 s · sollicitations 1850 · attentes 4 {'passerelle_occupee': 4}
2026-09-17 05:51:10.040 | INFO     | experiences.runner:boucle:387 - [execution] 2333/3161 déplacements (73.8 %) · 652/894 personnes · 3789 s écoulées · reste ≈ 1345 s · sollicitations 1850 · attentes 4 {'passerelle_occupee': 4}
2026-09-17 05:51:15.047 | INFO     | experiences.runner:boucle:387 - [execution] 2333/3161 déplacements (73.8 %) · 652/894 personnes · 3794 s écoulées · reste ≈ 1347 s · sollicitations 1850 · attentes 4 {'passerelle_occupee': 4}
2026-09-17 05:51:20.061 | INFO     | experiences.runner:boucle:387 - [execution] 2333/3161 déplacements (73.8 %) · 652/894 personnes · 3799 s écoulées · reste ≈ 1348 s · sollicitations 1850 · attentes 4 {'passerelle_occupee': 4}
2026-09-17 05:51:25.065 | INFO     | experiences.runner:boucle:387 - [execution] 2341/3161 déplacements (74.1 %) · 653/894 personnes · 3804 s écoulées · reste ≈ 1333 s · sollicitations 1858 · attentes 4 {'passerelle_occupee': 4}
2026-09-17 05:51:30.068 | INFO     | experiences.runner:boucle:387 - [execution] 2341/3161 déplacements (74.1 %) · 653/894 personnes · 3809 s écoulées · reste ≈ 1334 s · sollicitations 1858 · attentes 4 {'passerelle_occupee': 4}
2026-09-17 05:51:35.076 | INFO     | experiences.runner:boucle:387 - [execution] 2341/3161 déplacements (74.1 %) · 653/894 personnes · 3814 s écoulées · reste ≈ 1336 s · sollicitations 1858 · attentes 4 {'passerelle_occupee': 4}
2026-09-17 05:51:40.079 | INFO     | experiences.runner:boucle:387 - [execution] 2350/3161 déplacements (74.3 %) · 656/894 personnes · 3819 s écoulées · reste ≈ 1318 s · sollicitations 1866 · attentes 4 {'passerelle_occupee': 4}
2026-09-17 05:51:45.090 | INFO     | experiences.runner:boucle:387 - [execution] 2350/3161 déplacements (74.3 %) · 656/894 personnes · 3824 s écoulées · reste ≈ 1320 s · sollicitations 1866 · attentes 4 {'passerelle_occupee': 4}
2026-09-17 05:51:50.093 | INFO     | experiences.runner:boucle:387 - [execution] 2350/3161 déplacements (74.3 %) · 656/894 personnes · 3829 s écoulées · reste ≈ 1321 s · sollicitations 1866 · attentes 4 {'passerelle_occupee': 4}
2026-09-17 05:51:55.097 | INFO     | experiences.runner:boucle:387 - [execution] 2359/3161 déplacements (74.6 %) · 659/894 personnes · 3834 s écoulées · reste ≈ 1304 s · sollicitations 1874 · attentes 4 {'passerelle_occupee': 4}
2026-09-17 05:52:00.106 | INFO     | experiences.runner:boucle:387 - [execution] 2359/3161 déplacements (74.6 %) · 659/894 personnes · 3839 s écoulées · reste ≈ 1305 s · sollicitations 1874 · attentes 4 {'passerelle_occupee': 4}
2026-09-17 05:52:05.117 | INFO     | experiences.runner:boucle:387 - [execution] 2359/3161 déplacements (74.6 %) · 659/894 personnes · 3844 s écoulées · reste ≈ 1307 s · sollicitations 1874 · attentes 4 {'passerelle_occupee': 4}
2026-09-17 05:52:10.121 | INFO     | experiences.runner:boucle:387 - [execution] 2359/3161 déplacements (74.6 %) · 659/894 personnes · 3849 s écoulées · reste ≈ 1309 s · sollicitations 1874 · attentes 4 {'passerelle_occupee': 4}
2026-09-17 05:52:15.132 | INFO     | experiences.runner:boucle:387 - [execution] 2369/3161 déplacements (74.9 %) · 663/894 personnes · 3854 s écoulées · reste ≈ 1289 s · sollicitations 1882 · attentes 4 {'passerelle_occupee': 4}
2026-09-17 05:52:20.137 | INFO     | experiences.runner:boucle:387 - [execution] 2369/3161 déplacements (74.9 %) · 663/894 personnes · 3859 s écoulées · reste ≈ 1290 s · sollicitations 1882 · attentes 4 {'passerelle_occupee': 4}
2026-09-17 05:52:25.142 | INFO     | experiences.runner:boucle:387 - [execution] 2369/3161 déplacements (74.9 %) · 663/894 personnes · 3864 s écoulées · reste ≈ 1292 s · sollicitations 1882 · attentes 4 {'passerelle_occupee': 4}
2026-09-17 05:52:30.150 | INFO     | experiences.runner:boucle:387 - [execution] 2378/3161 déplacements (75.2 %) · 664/894 personnes · 3869 s écoulées · reste ≈ 1274 s · sollicitations 1890 · attentes 4 {'passerelle_occupee': 4}
2026-09-17 05:52:35.157 | INFO     | experiences.runner:boucle:387 - [execution] 2378/3161 déplacements (75.2 %) · 664/894 personnes · 3874 s écoulées · reste ≈ 1276 s · sollicitations 1890 · attentes 4 {'passerelle_occupee': 4}
2026-09-17 05:52:40.162 | INFO     | experiences.runner:boucle:387 - [execution] 2378/3161 déplacements (75.2 %) · 664/894 personnes · 3879 s écoulées · reste ≈ 1277 s · sollicitations 1890 · attentes 4 {'passerelle_occupee': 4}
2026-09-17 05:52:45.172 | INFO     | experiences.runner:boucle:387 - [execution] 2378/3161 déplacements (75.2 %) · 664/894 personnes · 3884 s écoulées · reste ≈ 1279 s · sollicitations 1890 · attentes 4 {'passerelle_occupee': 4}
2026-09-17 05:52:50.176 | INFO     | experiences.runner:boucle:387 - [execution] 2386/3161 déplacements (75.5 %) · 669/894 personnes · 3889 s écoulées · reste ≈ 1263 s · sollicitations 1898 · attentes 4 {'passerelle_occupee': 4}
2026-09-17 05:52:55.180 | INFO     | experiences.runner:boucle:387 - [execution] 2386/3161 déplacements (75.5 %) · 669/894 personnes · 3894 s écoulées · reste ≈ 1265 s · sollicitations 1898 · attentes 4 {'passerelle_occupee': 4}
2026-09-17 05:53:00.185 | INFO     | experiences.runner:boucle:387 - [execution] 2386/3161 déplacements (75.5 %) · 669/894 personnes · 3899 s écoulées · reste ≈ 1267 s · sollicitations 1898 · attentes 4 {'passerelle_occupee': 4}
2026-09-17 05:53:05.189 | INFO     | experiences.runner:boucle:387 - [execution] 2395/3161 déplacements (75.8 %) · 673/894 personnes · 3904 s écoulées · reste ≈ 1249 s · sollicitations 1906 · attentes 4 {'passerelle_occupee': 4}
2026-09-17 05:53:10.192 | INFO     | experiences.runner:boucle:387 - [execution] 2395/3161 déplacements (75.8 %) · 673/894 personnes · 3909 s écoulées · reste ≈ 1250 s · sollicitations 1906 · attentes 4 {'passerelle_occupee': 4}
2026-09-17 05:53:15.195 | INFO     | experiences.runner:boucle:387 - [execution] 2395/3161 déplacements (75.8 %) · 673/894 personnes · 3914 s écoulées · reste ≈ 1252 s · sollicitations 1906 · attentes 4 {'passerelle_occupee': 4}
2026-09-17 05:53:20.200 | INFO     | experiences.runner:boucle:387 - [execution] 2403/3161 déplacements (76.0 %) · 674/894 personnes · 3919 s écoulées · reste ≈ 1236 s · sollicitations 1914 · attentes 4 {'passerelle_occupee': 4}
2026-09-17 05:53:25.207 | INFO     | experiences.runner:boucle:387 - [execution] 2403/3161 déplacements (76.0 %) · 674/894 personnes · 3924 s écoulées · reste ≈ 1238 s · sollicitations 1914 · attentes 4 {'passerelle_occupee': 4}
2026-09-17 05:53:30.212 | INFO     | experiences.runner:boucle:387 - [execution] 2403/3161 déplacements (76.0 %) · 674/894 personnes · 3929 s écoulées · reste ≈ 1239 s · sollicitations 1914 · attentes 4 {'passerelle_occupee': 4}
2026-09-17 05:53:35.217 | INFO     | experiences.runner:boucle:387 - [execution] 2403/3161 déplacements (76.0 %) · 674/894 personnes · 3934 s écoulées · reste ≈ 1241 s · sollicitations 1914 · attentes 4 {'passerelle_occupee': 4}
2026-09-17 05:53:40.222 | INFO     | experiences.runner:boucle:387 - [execution] 2411/3161 déplacements (76.3 %) · 676/894 personnes · 3939 s écoulées · reste ≈ 1225 s · sollicitations 1922 · attentes 4 {'passerelle_occupee': 4}
2026-09-17 05:53:45.224 | INFO     | experiences.runner:boucle:387 - [execution] 2411/3161 déplacements (76.3 %) · 676/894 personnes · 3944 s écoulées · reste ≈ 1227 s · sollicitations 1922 · attentes 4 {'passerelle_occupee': 4}
2026-09-17 05:53:50.237 | INFO     | experiences.runner:boucle:387 - [execution] 2411/3161 déplacements (76.3 %) · 676/894 personnes · 3949 s écoulées · reste ≈ 1229 s · sollicitations 1922 · attentes 4 {'passerelle_occupee': 4}
2026-09-17 05:53:55.240 | INFO     | experiences.runner:boucle:387 - [execution] 2419/3161 déplacements (76.5 %) · 678/894 personnes · 3954 s écoulées · reste ≈ 1213 s · sollicitations 1930 · attentes 4 {'passerelle_occupee': 4}
2026-09-17 05:54:00.245 | INFO     | experiences.runner:boucle:387 - [execution] 2419/3161 déplacements (76.5 %) · 678/894 personnes · 3959 s écoulées · reste ≈ 1214 s · sollicitations 1930 · attentes 4 {'passerelle_occupee': 4}
2026-09-17 05:54:05.250 | INFO     | experiences.runner:boucle:387 - [execution] 2419/3161 déplacements (76.5 %) · 678/894 personnes · 3964 s écoulées · reste ≈ 1216 s · sollicitations 1930 · attentes 4 {'passerelle_occupee': 4}
2026-09-17 05:54:10.255 | INFO     | experiences.runner:boucle:387 - [execution] 2419/3161 déplacements (76.5 %) · 678/894 personnes · 3969 s écoulées · reste ≈ 1218 s · sollicitations 1930 · attentes 4 {'passerelle_occupee': 4}
2026-09-17 05:54:15.259 | INFO     | experiences.runner:boucle:387 - [execution] 2428/3161 déplacements (76.8 %) · 680/894 personnes · 3974 s écoulées · reste ≈ 1200 s · sollicitations 1938 · attentes 4 {'passerelle_occupee': 4}
2026-09-17 05:54:20.262 | INFO     | experiences.runner:boucle:387 - [execution] 2428/3161 déplacements (76.8 %) · 680/894 personnes · 3979 s écoulées · reste ≈ 1201 s · sollicitations 1938 · attentes 4 {'passerelle_occupee': 4}
2026-09-17 05:54:25.265 | INFO     | experiences.runner:boucle:387 - [execution] 2428/3161 déplacements (76.8 %) · 680/894 personnes · 3984 s écoulées · reste ≈ 1203 s · sollicitations 1938 · attentes 4 {'passerelle_occupee': 4}
2026-09-17 05:54:30.268 | INFO     | experiences.runner:boucle:387 - [execution] 2436/3161 déplacements (77.1 %) · 684/894 personnes · 3989 s écoulées · reste ≈ 1187 s · sollicitations 1946 · attentes 4 {'passerelle_occupee': 4}
2026-09-17 05:54:35.275 | INFO     | experiences.runner:boucle:387 - [execution] 2436/3161 déplacements (77.1 %) · 684/894 personnes · 3994 s écoulées · reste ≈ 1189 s · sollicitations 1946 · attentes 4 {'passerelle_occupee': 4}
2026-09-17 05:54:40.283 | INFO     | experiences.runner:boucle:387 - [execution] 2436/3161 déplacements (77.1 %) · 684/894 personnes · 3999 s écoulées · reste ≈ 1190 s · sollicitations 1946 · attentes 4 {'passerelle_occupee': 4}
2026-09-17 05:54:45.287 | INFO     | experiences.runner:boucle:387 - [execution] 2445/3161 déplacements (77.3 %) · 687/894 personnes · 4004 s écoulées · reste ≈ 1173 s · sollicitations 1954 · attentes 4 {'passerelle_occupee': 4}
2026-09-17 05:54:50.294 | INFO     | experiences.runner:boucle:387 - [execution] 2445/3161 déplacements (77.3 %) · 687/894 personnes · 4009 s écoulées · reste ≈ 1174 s · sollicitations 1954 · attentes 4 {'passerelle_occupee': 4}
2026-09-17 05:54:55.300 | INFO     | experiences.runner:boucle:387 - [execution] 2445/3161 déplacements (77.3 %) · 687/894 personnes · 4014 s écoulées · reste ≈ 1176 s · sollicitations 1954 · attentes 4 {'passerelle_occupee': 4}
2026-09-17 05:55:00.302 | INFO     | experiences.runner:boucle:387 - [execution] 2445/3161 déplacements (77.3 %) · 687/894 personnes · 4019 s écoulées · reste ≈ 1177 s · sollicitations 1954 · attentes 4 {'passerelle_occupee': 4}
2026-09-17 05:55:05.307 | INFO     | experiences.runner:boucle:387 - [execution] 2455/3161 déplacements (77.7 %) · 691/894 personnes · 4024 s écoulées · reste ≈ 1157 s · sollicitations 1962 · attentes 4 {'passerelle_occupee': 4}
2026-09-17 05:55:10.311 | INFO     | experiences.runner:boucle:387 - [execution] 2455/3161 déplacements (77.7 %) · 691/894 personnes · 4029 s écoulées · reste ≈ 1159 s · sollicitations 1962 · attentes 4 {'passerelle_occupee': 4}
2026-09-17 05:55:15.313 | INFO     | experiences.runner:boucle:387 - [execution] 2455/3161 déplacements (77.7 %) · 691/894 personnes · 4034 s écoulées · reste ≈ 1160 s · sollicitations 1962 · attentes 4 {'passerelle_occupee': 4}
2026-09-17 05:55:20.316 | INFO     | experiences.runner:boucle:387 - [execution] 2465/3161 déplacements (78.0 %) · 693/894 personnes · 4039 s écoulées · reste ≈ 1141 s · sollicitations 1970 · attentes 4 {'passerelle_occupee': 4}
2026-09-17 05:55:25.321 | INFO     | experiences.runner:boucle:387 - [execution] 2465/3161 déplacements (78.0 %) · 693/894 personnes · 4044 s écoulées · reste ≈ 1142 s · sollicitations 1970 · attentes 4 {'passerelle_occupee': 4}
2026-09-17 05:55:30.332 | INFO     | experiences.runner:boucle:387 - [execution] 2465/3161 déplacements (78.0 %) · 693/894 personnes · 4049 s écoulées · reste ≈ 1143 s · sollicitations 1970 · attentes 4 {'passerelle_occupee': 4}
2026-09-17 05:55:35.337 | INFO     | experiences.runner:boucle:387 - [execution] 2476/3161 déplacements (78.3 %) · 697/894 personnes · 4054 s écoulées · reste ≈ 1122 s · sollicitations 1978 · attentes 4 {'passerelle_occupee': 4}
2026-09-17 05:55:40.345 | INFO     | experiences.runner:boucle:387 - [execution] 2476/3161 déplacements (78.3 %) · 697/894 personnes · 4059 s écoulées · reste ≈ 1123 s · sollicitations 1978 · attentes 4 {'passerelle_occupee': 4}
2026-09-17 05:55:45.348 | INFO     | experiences.runner:boucle:387 - [execution] 2476/3161 déplacements (78.3 %) · 697/894 personnes · 4065 s écoulées · reste ≈ 1124 s · sollicitations 1978 · attentes 4 {'passerelle_occupee': 4}
2026-09-17 05:55:50.352 | INFO     | experiences.runner:boucle:387 - [execution] 2476/3161 déplacements (78.3 %) · 697/894 personnes · 4070 s écoulées · reste ≈ 1126 s · sollicitations 1978 · attentes 4 {'passerelle_occupee': 4}
2026-09-17 05:55:55.356 | INFO     | experiences.runner:boucle:387 - [execution] 2486/3161 déplacements (78.6 %) · 698/894 personnes · 4075 s écoulées · reste ≈ 1106 s · sollicitations 1986 · attentes 4 {'passerelle_occupee': 4}
2026-09-17 05:56:00.361 | INFO     | experiences.runner:boucle:387 - [execution] 2486/3161 déplacements (78.6 %) · 698/894 personnes · 4080 s écoulées · reste ≈ 1108 s · sollicitations 1986 · attentes 4 {'passerelle_occupee': 4}
2026-09-17 05:56:05.364 | INFO     | experiences.runner:boucle:387 - [execution] 2486/3161 déplacements (78.6 %) · 698/894 personnes · 4085 s écoulées · reste ≈ 1109 s · sollicitations 1986 · attentes 4 {'passerelle_occupee': 4}
2026-09-17 05:56:10.369 | INFO     | experiences.runner:boucle:387 - [execution] 2495/3161 déplacements (78.9 %) · 701/894 personnes · 4090 s écoulées · reste ≈ 1092 s · sollicitations 1994 · attentes 4 {'passerelle_occupee': 4}
2026-09-17 05:56:15.381 | INFO     | experiences.runner:boucle:387 - [execution] 2495/3161 déplacements (78.9 %) · 701/894 personnes · 4095 s écoulées · reste ≈ 1093 s · sollicitations 1994 · attentes 4 {'passerelle_occupee': 4}
2026-09-17 05:56:20.384 | INFO     | experiences.runner:boucle:387 - [execution] 2495/3161 déplacements (78.9 %) · 701/894 personnes · 4100 s écoulées · reste ≈ 1094 s · sollicitations 1994 · attentes 4 {'passerelle_occupee': 4}
2026-09-17 05:56:25.390 | INFO     | experiences.runner:boucle:387 - [execution] 2495/3161 déplacements (78.9 %) · 701/894 personnes · 4105 s écoulées · reste ≈ 1096 s · sollicitations 1994 · attentes 4 {'passerelle_occupee': 4}
2026-09-17 05:56:30.397 | INFO     | experiences.runner:boucle:387 - [execution] 2504/3161 déplacements (79.2 %) · 702/894 personnes · 4110 s écoulées · reste ≈ 1078 s · sollicitations 2002 · attentes 4 {'passerelle_occupee': 4}
2026-09-17 05:56:35.406 | INFO     | experiences.runner:boucle:387 - [execution] 2504/3161 déplacements (79.2 %) · 702/894 personnes · 4115 s écoulées · reste ≈ 1080 s · sollicitations 2002 · attentes 4 {'passerelle_occupee': 4}
2026-09-17 05:56:40.410 | INFO     | experiences.runner:boucle:387 - [execution] 2504/3161 déplacements (79.2 %) · 702/894 personnes · 4120 s écoulées · reste ≈ 1081 s · sollicitations 2002 · attentes 4 {'passerelle_occupee': 4}
2026-09-17 05:56:43.802 | ERROR    | mobility_llm.mode_choice:normalize_option_probabilities:298 - [ALARME] Vecteur de probabilités inexploitable (somme nulle) — repli sur une distribution uniforme sur 6 option(s), la décision du modèle est perdue | agent=1129992 activity=b512c8f4-59d2-51d7-a75c-3d32d5cd1447
2026-09-17 05:56:45.414 | INFO     | experiences.runner:boucle:387 - [execution] 2512/3161 déplacements (79.5 %) · 706/894 personnes · 4125 s écoulées · reste ≈ 1066 s · sollicitations 2010 · attentes 4 {'passerelle_occupee': 4}
2026-09-17 05:56:50.417 | INFO     | experiences.runner:boucle:387 - [execution] 2512/3161 déplacements (79.5 %) · 706/894 personnes · 4130 s écoulées · reste ≈ 1067 s · sollicitations 2010 · attentes 4 {'passerelle_occupee': 4}
2026-09-17 05:56:55.423 | INFO     | experiences.runner:boucle:387 - [execution] 2512/3161 déplacements (79.5 %) · 706/894 personnes · 4135 s écoulées · reste ≈ 1068 s · sollicitations 2010 · attentes 4 {'passerelle_occupee': 4}
2026-09-17 05:57:00.428 | INFO     | experiences.runner:boucle:387 - [execution] 2512/3161 déplacements (79.5 %) · 706/894 personnes · 4140 s écoulées · reste ≈ 1070 s · sollicitations 2010 · attentes 4 {'passerelle_occupee': 4}
2026-09-17 05:57:01.010 | ERROR    | llm_gateway.sdk.client:_observe:427 - Task failed | task_id=6fae2744-5fe3-4eec-b557-820105d8d578 category=itinary_multi_agent wait=17.2s error=No error detail
2026-09-17 05:57:01.011 | WARNING  | urban_mobility_agents.agents.llm_agent:evaluate_and_choose_travel_plan:1448 - aplan_trip: gateway a retourné un résultat invalide pour 1156248: Format de réponse invalide ou timeout.
2026-09-17 05:57:05.434 | INFO     | experiences.runner:boucle:387 - [execution] 2522/3161 déplacements (79.8 %) · 707/894 personnes · 4145 s écoulées · reste ≈ 1050 s · sollicitations 2018 · attentes 5 {'passerelle_occupee': 5}
2026-09-17 05:57:10.439 | INFO     | experiences.runner:boucle:387 - [execution] 2522/3161 déplacements (79.8 %) · 707/894 personnes · 4150 s écoulées · reste ≈ 1051 s · sollicitations 2018 · attentes 5 {'passerelle_occupee': 5}
2026-09-17 05:57:15.442 | INFO     | experiences.runner:boucle:387 - [execution] 2524/3161 déplacements (79.8 %) · 707/894 personnes · 4155 s écoulées · reste ≈ 1049 s · sollicitations 2019 · attentes 5 {'passerelle_occupee': 5}
2026-09-17 05:57:20.445 | INFO     | experiences.runner:boucle:387 - [execution] 2534/3161 déplacements (80.2 %) · 709/894 personnes · 4160 s écoulées · reste ≈ 1029 s · sollicitations 2027 · attentes 5 {'passerelle_occupee': 5}
2026-09-17 05:57:25.450 | INFO     | experiences.runner:boucle:387 - [execution] 2535/3161 déplacements (80.2 %) · 709/894 personnes · 4165 s écoulées · reste ≈ 1028 s · sollicitations 2028 · attentes 5 {'passerelle_occupee': 5}
2026-09-17 05:57:30.462 | INFO     | experiences.runner:boucle:387 - [execution] 2543/3161 déplacements (80.4 %) · 712/894 personnes · 4170 s écoulées · reste ≈ 1013 s · sollicitations 2036 · attentes 5 {'passerelle_occupee': 5}
2026-09-17 05:57:35.472 | INFO     | experiences.runner:boucle:387 - [execution] 2544/3161 déplacements (80.5 %) · 713/894 personnes · 4175 s écoulées · reste ≈ 1012 s · sollicitations 2037 · attentes 5 {'passerelle_occupee': 5}
2026-09-17 05:57:40.476 | INFO     | experiences.runner:boucle:387 - [execution] 2545/3161 déplacements (80.5 %) · 713/894 personnes · 4180 s écoulées · reste ≈ 1012 s · sollicitations 2038 · attentes 5 {'passerelle_occupee': 5}
2026-09-17 05:57:45.488 | INFO     | experiences.runner:boucle:387 - [execution] 2554/3161 déplacements (80.8 %) · 714/894 personnes · 4185 s écoulées · reste ≈ 995 s · sollicitations 2047 · attentes 5 {'passerelle_occupee': 5}
2026-09-17 05:57:50.496 | INFO     | experiences.runner:boucle:387 - [execution] 2554/3161 déplacements (80.8 %) · 714/894 personnes · 4190 s écoulées · reste ≈ 996 s · sollicitations 2047 · attentes 5 {'passerelle_occupee': 5}
2026-09-17 05:57:55.499 | INFO     | experiences.runner:boucle:387 - [execution] 2554/3161 déplacements (80.8 %) · 714/894 personnes · 4195 s écoulées · reste ≈ 997 s · sollicitations 2047 · attentes 5 {'passerelle_occupee': 5}
2026-09-17 05:58:00.505 | INFO     | experiences.runner:boucle:387 - [execution] 2554/3161 déplacements (80.8 %) · 714/894 personnes · 4200 s écoulées · reste ≈ 998 s · sollicitations 2047 · attentes 5 {'passerelle_occupee': 5}
2026-09-17 05:58:05.509 | INFO     | experiences.runner:boucle:387 - [execution] 2562/3161 déplacements (81.1 %) · 715/894 personnes · 4205 s écoulées · reste ≈ 983 s · sollicitations 2055 · attentes 5 {'passerelle_occupee': 5}
2026-09-17 05:58:10.512 | INFO     | experiences.runner:boucle:387 - [execution] 2562/3161 déplacements (81.1 %) · 715/894 personnes · 4210 s écoulées · reste ≈ 984 s · sollicitations 2055 · attentes 5 {'passerelle_occupee': 5}
2026-09-17 05:58:15.517 | INFO     | experiences.runner:boucle:387 - [execution] 2562/3161 déplacements (81.1 %) · 715/894 personnes · 4215 s écoulées · reste ≈ 985 s · sollicitations 2055 · attentes 5 {'passerelle_occupee': 5}
2026-09-17 05:58:20.525 | INFO     | experiences.runner:boucle:387 - [execution] 2570/3161 déplacements (81.3 %) · 718/894 personnes · 4220 s écoulées · reste ≈ 970 s · sollicitations 2063 · attentes 5 {'passerelle_occupee': 5}
2026-09-17 05:58:25.531 | INFO     | experiences.runner:boucle:387 - [execution] 2570/3161 déplacements (81.3 %) · 718/894 personnes · 4225 s écoulées · reste ≈ 972 s · sollicitations 2063 · attentes 5 {'passerelle_occupee': 5}
2026-09-17 05:58:30.536 | INFO     | experiences.runner:boucle:387 - [execution] 2570/3161 déplacements (81.3 %) · 718/894 personnes · 4230 s écoulées · reste ≈ 973 s · sollicitations 2063 · attentes 5 {'passerelle_occupee': 5}
2026-09-17 05:58:35.541 | INFO     | experiences.runner:boucle:387 - [execution] 2570/3161 déplacements (81.3 %) · 718/894 personnes · 4235 s écoulées · reste ≈ 974 s · sollicitations 2063 · attentes 5 {'passerelle_occupee': 5}
2026-09-17 05:58:40.545 | INFO     | experiences.runner:boucle:387 - [execution] 2579/3161 déplacements (81.6 %) · 722/894 personnes · 4240 s écoulées · reste ≈ 957 s · sollicitations 2071 · attentes 5 {'passerelle_occupee': 5}
2026-09-17 05:58:45.549 | INFO     | experiences.runner:boucle:387 - [execution] 2579/3161 déplacements (81.6 %) · 722/894 personnes · 4245 s écoulées · reste ≈ 958 s · sollicitations 2071 · attentes 5 {'passerelle_occupee': 5}
2026-09-17 05:58:50.553 | INFO     | experiences.runner:boucle:387 - [execution] 2579/3161 déplacements (81.6 %) · 722/894 personnes · 4250 s écoulées · reste ≈ 959 s · sollicitations 2071 · attentes 5 {'passerelle_occupee': 5}
2026-09-17 05:58:55.560 | INFO     | experiences.runner:boucle:387 - [execution] 2589/3161 déplacements (81.9 %) · 725/894 personnes · 4255 s écoulées · reste ≈ 940 s · sollicitations 2079 · attentes 5 {'passerelle_occupee': 5}
2026-09-17 05:59:00.568 | INFO     | experiences.runner:boucle:387 - [execution] 2589/3161 déplacements (81.9 %) · 725/894 personnes · 4260 s écoulées · reste ≈ 941 s · sollicitations 2079 · attentes 5 {'passerelle_occupee': 5}
2026-09-17 05:59:05.576 | INFO     | experiences.runner:boucle:387 - [execution] 2589/3161 déplacements (81.9 %) · 725/894 personnes · 4265 s écoulées · reste ≈ 942 s · sollicitations 2079 · attentes 5 {'passerelle_occupee': 5}
2026-09-17 05:59:10.580 | INFO     | experiences.runner:boucle:387 - [execution] 2589/3161 déplacements (81.9 %) · 725/894 personnes · 4270 s écoulées · reste ≈ 943 s · sollicitations 2079 · attentes 5 {'passerelle_occupee': 5}
2026-09-17 05:59:15.591 | INFO     | experiences.runner:boucle:387 - [execution] 2599/3161 déplacements (82.2 %) · 730/894 personnes · 4275 s écoulées · reste ≈ 924 s · sollicitations 2087 · attentes 5 {'passerelle_occupee': 5}
2026-09-17 05:59:20.597 | INFO     | experiences.runner:boucle:387 - [execution] 2599/3161 déplacements (82.2 %) · 730/894 personnes · 4280 s écoulées · reste ≈ 925 s · sollicitations 2087 · attentes 5 {'passerelle_occupee': 5}
2026-09-17 05:59:25.600 | INFO     | experiences.runner:boucle:387 - [execution] 2599/3161 déplacements (82.2 %) · 730/894 personnes · 4285 s écoulées · reste ≈ 927 s · sollicitations 2087 · attentes 5 {'passerelle_occupee': 5}
2026-09-17 05:59:30.603 | INFO     | experiences.runner:boucle:387 - [execution] 2609/3161 déplacements (82.5 %) · 732/894 personnes · 4290 s écoulées · reste ≈ 908 s · sollicitations 2095 · attentes 5 {'passerelle_occupee': 5}
2026-09-17 05:59:35.609 | INFO     | experiences.runner:boucle:387 - [execution] 2609/3161 déplacements (82.5 %) · 732/894 personnes · 4295 s écoulées · reste ≈ 909 s · sollicitations 2095 · attentes 5 {'passerelle_occupee': 5}
2026-09-17 05:59:40.621 | INFO     | experiences.runner:boucle:387 - [execution] 2609/3161 déplacements (82.5 %) · 732/894 personnes · 4300 s écoulées · reste ≈ 910 s · sollicitations 2095 · attentes 5 {'passerelle_occupee': 5}
2026-09-17 05:59:45.626 | INFO     | experiences.runner:boucle:387 - [execution] 2617/3161 déplacements (82.8 %) · 734/894 personnes · 4305 s écoulées · reste ≈ 895 s · sollicitations 2103 · attentes 5 {'passerelle_occupee': 5}
2026-09-17 05:59:50.630 | INFO     | experiences.runner:boucle:387 - [execution] 2617/3161 déplacements (82.8 %) · 734/894 personnes · 4310 s écoulées · reste ≈ 896 s · sollicitations 2103 · attentes 5 {'passerelle_occupee': 5}
2026-09-17 05:59:55.635 | INFO     | experiences.runner:boucle:387 - [execution] 2617/3161 déplacements (82.8 %) · 734/894 personnes · 4315 s écoulées · reste ≈ 897 s · sollicitations 2103 · attentes 5 {'passerelle_occupee': 5}
2026-09-17 06:00:00.649 | INFO     | experiences.runner:boucle:387 - [execution] 2627/3161 déplacements (83.1 %) · 738/894 personnes · 4320 s écoulées · reste ≈ 878 s · sollicitations 2111 · attentes 5 {'passerelle_occupee': 5}
2026-09-17 06:00:05.658 | INFO     | experiences.runner:boucle:387 - [execution] 2627/3161 déplacements (83.1 %) · 738/894 personnes · 4325 s écoulées · reste ≈ 879 s · sollicitations 2111 · attentes 5 {'passerelle_occupee': 5}
2026-09-17 06:00:10.665 | INFO     | experiences.runner:boucle:387 - [execution] 2627/3161 déplacements (83.1 %) · 738/894 personnes · 4330 s écoulées · reste ≈ 880 s · sollicitations 2111 · attentes 5 {'passerelle_occupee': 5}
2026-09-17 06:00:15.672 | INFO     | experiences.runner:boucle:387 - [execution] 2627/3161 déplacements (83.1 %) · 738/894 personnes · 4335 s écoulées · reste ≈ 881 s · sollicitations 2111 · attentes 5 {'passerelle_occupee': 5}
2026-09-17 06:00:20.677 | INFO     | experiences.runner:boucle:387 - [execution] 2636/3161 déplacements (83.4 %) · 741/894 personnes · 4340 s écoulées · reste ≈ 864 s · sollicitations 2119 · attentes 5 {'passerelle_occupee': 5}
2026-09-17 06:00:25.684 | INFO     | experiences.runner:boucle:387 - [execution] 2636/3161 déplacements (83.4 %) · 741/894 personnes · 4345 s écoulées · reste ≈ 865 s · sollicitations 2119 · attentes 5 {'passerelle_occupee': 5}
2026-09-17 06:00:30.688 | INFO     | experiences.runner:boucle:387 - [execution] 2636/3161 déplacements (83.4 %) · 741/894 personnes · 4350 s écoulées · reste ≈ 866 s · sollicitations 2119 · attentes 5 {'passerelle_occupee': 5}
2026-09-17 06:00:35.691 | INFO     | experiences.runner:boucle:387 - [execution] 2636/3161 déplacements (83.4 %) · 741/894 personnes · 4355 s écoulées · reste ≈ 867 s · sollicitations 2119 · attentes 5 {'passerelle_occupee': 5}
2026-09-17 06:00:40.695 | INFO     | experiences.runner:boucle:387 - [execution] 2645/3161 déplacements (83.7 %) · 744/894 personnes · 4360 s écoulées · reste ≈ 851 s · sollicitations 2127 · attentes 5 {'passerelle_occupee': 5}
2026-09-17 06:00:45.698 | INFO     | experiences.runner:boucle:387 - [execution] 2645/3161 déplacements (83.7 %) · 744/894 personnes · 4365 s écoulées · reste ≈ 852 s · sollicitations 2127 · attentes 5 {'passerelle_occupee': 5}
2026-09-17 06:00:50.702 | INFO     | experiences.runner:boucle:387 - [execution] 2645/3161 déplacements (83.7 %) · 744/894 personnes · 4370 s écoulées · reste ≈ 852 s · sollicitations 2127 · attentes 5 {'passerelle_occupee': 5}
2026-09-17 06:00:55.707 | INFO     | experiences.runner:boucle:387 - [execution] 2645/3161 déplacements (83.7 %) · 744/894 personnes · 4375 s écoulées · reste ≈ 853 s · sollicitations 2127 · attentes 5 {'passerelle_occupee': 5}
2026-09-17 06:01:00.712 | INFO     | experiences.runner:boucle:387 - [execution] 2655/3161 déplacements (84.0 %) · 748/894 personnes · 4380 s écoulées · reste ≈ 835 s · sollicitations 2135 · attentes 5 {'passerelle_occupee': 5}
2026-09-17 06:01:05.716 | INFO     | experiences.runner:boucle:387 - [execution] 2655/3161 déplacements (84.0 %) · 748/894 personnes · 4385 s écoulées · reste ≈ 836 s · sollicitations 2135 · attentes 5 {'passerelle_occupee': 5}
2026-09-17 06:01:10.719 | INFO     | experiences.runner:boucle:387 - [execution] 2655/3161 déplacements (84.0 %) · 748/894 personnes · 4390 s écoulées · reste ≈ 837 s · sollicitations 2135 · attentes 5 {'passerelle_occupee': 5}
2026-09-17 06:01:15.722 | INFO     | experiences.runner:boucle:387 - [execution] 2665/3161 déplacements (84.3 %) · 749/894 personnes · 4395 s écoulées · reste ≈ 818 s · sollicitations 2143 · attentes 5 {'passerelle_occupee': 5}
2026-09-17 06:01:20.731 | INFO     | experiences.runner:boucle:387 - [execution] 2665/3161 déplacements (84.3 %) · 749/894 personnes · 4400 s écoulées · reste ≈ 819 s · sollicitations 2143 · attentes 5 {'passerelle_occupee': 5}
2026-09-17 06:01:25.737 | INFO     | experiences.runner:boucle:387 - [execution] 2665/3161 déplacements (84.3 %) · 749/894 personnes · 4405 s écoulées · reste ≈ 820 s · sollicitations 2143 · attentes 5 {'passerelle_occupee': 5}
2026-09-17 06:01:30.743 | INFO     | experiences.runner:boucle:387 - [execution] 2665/3161 déplacements (84.3 %) · 749/894 personnes · 4410 s écoulées · reste ≈ 821 s · sollicitations 2143 · attentes 5 {'passerelle_occupee': 5}
2026-09-17 06:01:35.748 | INFO     | experiences.runner:boucle:387 - [execution] 2674/3161 déplacements (84.6 %) · 752/894 personnes · 4415 s écoulées · reste ≈ 804 s · sollicitations 2151 · attentes 5 {'passerelle_occupee': 5}
2026-09-17 06:01:40.757 | INFO     | experiences.runner:boucle:387 - [execution] 2674/3161 déplacements (84.6 %) · 752/894 personnes · 4420 s écoulées · reste ≈ 805 s · sollicitations 2151 · attentes 5 {'passerelle_occupee': 5}
2026-09-17 06:01:45.762 | INFO     | experiences.runner:boucle:387 - [execution] 2674/3161 déplacements (84.6 %) · 752/894 personnes · 4425 s écoulées · reste ≈ 806 s · sollicitations 2151 · attentes 5 {'passerelle_occupee': 5}
2026-09-17 06:01:50.765 | INFO     | experiences.runner:boucle:387 - [execution] 2684/3161 déplacements (84.9 %) · 755/894 personnes · 4430 s écoulées · reste ≈ 787 s · sollicitations 2159 · attentes 5 {'passerelle_occupee': 5}
2026-09-17 06:01:55.771 | INFO     | experiences.runner:boucle:387 - [execution] 2684/3161 déplacements (84.9 %) · 755/894 personnes · 4435 s écoulées · reste ≈ 788 s · sollicitations 2159 · attentes 5 {'passerelle_occupee': 5}
2026-09-17 06:02:00.775 | INFO     | experiences.runner:boucle:387 - [execution] 2684/3161 déplacements (84.9 %) · 755/894 personnes · 4440 s écoulées · reste ≈ 789 s · sollicitations 2159 · attentes 5 {'passerelle_occupee': 5}
2026-09-17 06:02:05.923 | INFO     | experiences.runner:boucle:387 - [execution] 2684/3161 déplacements (84.9 %) · 755/894 personnes · 4445 s écoulées · reste ≈ 790 s · sollicitations 2159 · attentes 5 {'passerelle_occupee': 5}
2026-09-17 06:03:12.810 | INFO     | experiences.runner:boucle:387 - [execution] 2684/3161 déplacements (84.9 %) · 755/894 personnes · 4450 s écoulées · reste ≈ 791 s · sollicitations 2159 · attentes 5 {'passerelle_occupee': 5}
2026-09-17 06:03:17.818 | INFO     | experiences.runner:boucle:387 - [execution] 2684/3161 déplacements (84.9 %) · 755/894 personnes · 4455 s écoulées · reste ≈ 792 s · sollicitations 2159 · attentes 5 {'passerelle_occupee': 5}
2026-09-17 06:03:22.821 | INFO     | experiences.runner:boucle:387 - [execution] 2684/3161 déplacements (84.9 %) · 755/894 personnes · 4460 s écoulées · reste ≈ 793 s · sollicitations 2159 · attentes 5 {'passerelle_occupee': 5}
2026-09-17 06:03:27.825 | INFO     | experiences.runner:boucle:387 - [execution] 2684/3161 déplacements (84.9 %) · 755/894 personnes · 4465 s écoulées · reste ≈ 794 s · sollicitations 2159 · attentes 5 {'passerelle_occupee': 5}
2026-09-17 06:03:32.837 | INFO     | experiences.runner:boucle:387 - [execution] 2684/3161 déplacements (84.9 %) · 755/894 personnes · 4470 s écoulées · reste ≈ 794 s · sollicitations 2159 · attentes 5 {'passerelle_occupee': 5}
2026-09-17 06:03:37.845 | INFO     | experiences.runner:boucle:387 - [execution] 2684/3161 déplacements (84.9 %) · 755/894 personnes · 4475 s écoulées · reste ≈ 795 s · sollicitations 2159 · attentes 5 {'passerelle_occupee': 5}
2026-09-17 06:03:42.846 | INFO     | experiences.runner:boucle:387 - [execution] 2684/3161 déplacements (84.9 %) · 755/894 personnes · 4480 s écoulées · reste ≈ 796 s · sollicitations 2159 · attentes 5 {'passerelle_occupee': 5}
2026-09-17 06:03:47.851 | INFO     | experiences.runner:boucle:387 - [execution] 2684/3161 déplacements (84.9 %) · 755/894 personnes · 4485 s écoulées · reste ≈ 797 s · sollicitations 2159 · attentes 5 {'passerelle_occupee': 5}
2026-09-17 06:03:52.855 | INFO     | experiences.runner:boucle:387 - [execution] 2684/3161 déplacements (84.9 %) · 755/894 personnes · 4490 s écoulées · reste ≈ 798 s · sollicitations 2159 · attentes 5 {'passerelle_occupee': 5}
2026-09-17 06:03:57.862 | INFO     | experiences.runner:boucle:387 - [execution] 2684/3161 déplacements (84.9 %) · 755/894 personnes · 4495 s écoulées · reste ≈ 799 s · sollicitations 2159 · attentes 5 {'passerelle_occupee': 5}
2026-09-17 06:04:02.867 | INFO     | experiences.runner:boucle:387 - [execution] 2684/3161 déplacements (84.9 %) · 755/894 personnes · 4500 s écoulées · reste ≈ 800 s · sollicitations 2159 · attentes 5 {'passerelle_occupee': 5}
2026-09-17 06:04:07.871 | INFO     | experiences.runner:boucle:387 - [execution] 2684/3161 déplacements (84.9 %) · 755/894 personnes · 4505 s écoulées · reste ≈ 801 s · sollicitations 2159 · attentes 5 {'passerelle_occupee': 5}
2026-09-17 06:04:12.873 | INFO     | experiences.runner:boucle:387 - [execution] 2684/3161 déplacements (84.9 %) · 755/894 personnes · 4510 s écoulées · reste ≈ 802 s · sollicitations 2159 · attentes 5 {'passerelle_occupee': 5}
2026-09-17 06:04:17.877 | INFO     | experiences.runner:boucle:387 - [execution] 2684/3161 déplacements (84.9 %) · 755/894 personnes · 4515 s écoulées · reste ≈ 802 s · sollicitations 2159 · attentes 5 {'passerelle_occupee': 5}
2026-09-17 06:04:22.883 | INFO     | experiences.runner:boucle:387 - [execution] 2684/3161 déplacements (84.9 %) · 755/894 personnes · 4520 s écoulées · reste ≈ 803 s · sollicitations 2159 · attentes 5 {'passerelle_occupee': 5}
2026-09-17 06:04:27.890 | INFO     | experiences.runner:boucle:387 - [execution] 2684/3161 déplacements (84.9 %) · 755/894 personnes · 4525 s écoulées · reste ≈ 804 s · sollicitations 2159 · attentes 5 {'passerelle_occupee': 5}
2026-09-17 06:04:32.897 | INFO     | experiences.runner:boucle:387 - [execution] 2684/3161 déplacements (84.9 %) · 755/894 personnes · 4530 s écoulées · reste ≈ 805 s · sollicitations 2159 · attentes 5 {'passerelle_occupee': 5}
2026-09-17 06:04:37.906 | INFO     | experiences.runner:boucle:387 - [execution] 2684/3161 déplacements (84.9 %) · 755/894 personnes · 4535 s écoulées · reste ≈ 806 s · sollicitations 2159 · attentes 5 {'passerelle_occupee': 5}
2026-09-17 06:04:42.907 | INFO     | experiences.runner:boucle:387 - [execution] 2684/3161 déplacements (84.9 %) · 755/894 personnes · 4540 s écoulées · reste ≈ 807 s · sollicitations 2159 · attentes 5 {'passerelle_occupee': 5}
2026-09-17 06:04:47.911 | INFO     | experiences.runner:boucle:387 - [execution] 2684/3161 déplacements (84.9 %) · 755/894 personnes · 4545 s écoulées · reste ≈ 808 s · sollicitations 2159 · attentes 5 {'passerelle_occupee': 5}
2026-09-17 06:04:50.911 | ERROR    | llm_gateway.sdk.client:_observe:427 - Task failed | task_id=6a70441d-3ceb-408f-9141-0fd9a3a86ebc category=itinary_multi_agent wait=120.0s error=Timeout expiré
2026-09-17 06:04:50.911 | WARNING  | urban_mobility_agents.agents.llm_agent:evaluate_and_choose_travel_plan:1448 - aplan_trip: gateway a retourné un résultat invalide pour 1211276: Timeout expiré
2026-09-17 06:04:50.916 | ERROR    | llm_gateway.sdk.client:_observe:427 - Task failed | task_id=61d9aff8-eb98-4642-bf4b-9c922c6cd73b category=itinary_multi_agent wait=120.0s error=Timeout expiré
2026-09-17 06:04:50.916 | WARNING  | urban_mobility_agents.agents.llm_agent:evaluate_and_choose_travel_plan:1448 - aplan_trip: gateway a retourné un résultat invalide pour 1221606: Timeout expiré
2026-09-17 06:04:50.935 | ERROR    | llm_gateway.sdk.client:_observe:427 - Task failed | task_id=173323a3-ee4d-46c4-aec8-134417de9591 category=itinary_multi_agent wait=120.1s error=Timeout expiré
2026-09-17 06:04:50.935 | WARNING  | urban_mobility_agents.agents.llm_agent:evaluate_and_choose_travel_plan:1448 - aplan_trip: gateway a retourné un résultat invalide pour 1217313: Timeout expiré
2026-09-17 06:04:50.938 | ERROR    | llm_gateway.sdk.client:_observe:427 - Task failed | task_id=36ab80c6-8e79-45fe-9e94-44efddcf5eb7 category=itinary_multi_agent wait=120.0s error=Timeout expiré
2026-09-17 06:04:50.939 | WARNING  | urban_mobility_agents.agents.llm_agent:evaluate_and_choose_travel_plan:1448 - aplan_trip: gateway a retourné un résultat invalide pour 1219011: Timeout expiré
2026-09-17 06:04:50.941 | ERROR    | llm_gateway.sdk.client:_observe:427 - Task failed | task_id=ac10e281-80b2-4389-a305-f113d8ade899 category=itinary_multi_agent wait=120.0s error=Timeout expiré
2026-09-17 06:04:50.941 | WARNING  | urban_mobility_agents.agents.llm_agent:evaluate_and_choose_travel_plan:1448 - aplan_trip: gateway a retourné un résultat invalide pour 1209953: Timeout expiré
2026-09-17 06:04:50.944 | ERROR    | llm_gateway.sdk.client:_observe:427 - Task failed | task_id=4c74d249-7f59-4e90-8a52-7b27f7dbb4be category=itinary_multi_agent wait=120.1s error=Timeout expiré
2026-09-17 06:04:50.944 | WARNING  | urban_mobility_agents.agents.llm_agent:evaluate_and_choose_travel_plan:1448 - aplan_trip: gateway a retourné un résultat invalide pour 1221607: Timeout expiré
2026-09-17 06:04:50.945 | ERROR    | llm_gateway.sdk.client:_observe:427 - Task failed | task_id=9d3ed526-8bc7-4d6b-8ad9-94360d55711c category=itinary_multi_agent wait=120.0s error=Timeout expiré
2026-09-17 06:04:50.945 | WARNING  | urban_mobility_agents.agents.llm_agent:evaluate_and_choose_travel_plan:1448 - aplan_trip: gateway a retourné un résultat invalide pour 1209905: Timeout expiré
2026-09-17 06:04:50.946 | ERROR    | llm_gateway.sdk.client:_observe:427 - Task failed | task_id=3a2719f7-5e1f-4528-b4ff-cb3033d23f17 category=itinary_multi_agent wait=120.0s error=Timeout expiré
2026-09-17 06:04:50.946 | WARNING  | urban_mobility_agents.agents.llm_agent:evaluate_and_choose_travel_plan:1448 - aplan_trip: gateway a retourné un résultat invalide pour 1222096: Timeout expiré
2026-09-17 06:04:52.915 | INFO     | experiences.runner:boucle:387 - [execution] 2684/3161 déplacements (84.9 %) · 755/894 personnes · 4550 s écoulées · reste ≈ 809 s · sollicitations 2167 · attentes 13 {'passerelle_occupee': 13}
2026-09-17 06:04:57.920 | INFO     | experiences.runner:boucle:387 - [execution] 2684/3161 déplacements (84.9 %) · 755/894 personnes · 4555 s écoulées · reste ≈ 810 s · sollicitations 2167 · attentes 13 {'passerelle_occupee': 13}
2026-09-17 06:05:02.926 | INFO     | experiences.runner:boucle:387 - [execution] 2684/3161 déplacements (84.9 %) · 755/894 personnes · 4560 s écoulées · reste ≈ 810 s · sollicitations 2167 · attentes 13 {'passerelle_occupee': 13}
2026-09-17 06:05:04.729 | ERROR    | experiences.runner:veiller_quotas:880 - [ALARME] [execution] 2026-09-17_02_47_58 : plus aucune clé disponible — mistral_large3_key1 : 843/∞ requêtes/jour (désactivée côté passerelle : erreurs consécutives ou cooldown)
2026-09-17 06:05:07.934 | INFO     | experiences.runner:boucle:387 - [execution] 2684/3161 déplacements (84.9 %) · 755/894 personnes · 4565 s écoulées · reste ≈ 811 s · sollicitations 2167 · attentes 13 {'passerelle_occupee': 13}
2026-09-17 06:05:12.940 | INFO     | experiences.runner:boucle:387 - [execution] 2684/3161 déplacements (84.9 %) · 755/894 personnes · 4570 s écoulées · reste ≈ 812 s · sollicitations 2167 · attentes 13 {'passerelle_occupee': 13}
2026-09-17 06:05:17.944 | INFO     | experiences.runner:boucle:387 - [execution] 2684/3161 déplacements (84.9 %) · 755/894 personnes · 4575 s écoulées · reste ≈ 813 s · sollicitations 2167 · attentes 13 {'passerelle_occupee': 13}
2026-09-17 06:05:22.948 | INFO     | experiences.runner:boucle:387 - [execution] 2684/3161 déplacements (84.9 %) · 755/894 personnes · 4580 s écoulées · reste ≈ 814 s · sollicitations 2167 · attentes 13 {'passerelle_occupee': 13}
2026-09-17 06:05:23.053 | WARNING  | llm_gateway.sdk.client:_observe:427 - Task failed | task_id=da71740a-7866-4904-8e00-a6a38037bba1 category=itinary_multi_agent wait=27.1s error=Providers saturés ou indisponibles après 8s (2 retries épuisés)
2026-09-17 06:05:23.054 | WARNING  | urban_mobility_agents.agents.llm_agent:evaluate_and_choose_travel_plan:1448 - aplan_trip: gateway a retourné un résultat invalide pour 1221606: Providers saturés ou indisponibles après 8s (2 retries épuisés)
2026-09-17 06:05:23.056 | WARNING  | llm_gateway.sdk.client:_observe:427 - Task failed | task_id=31dd8062-e496-4cbb-a7ef-c4dcf3c0d849 category=itinary_multi_agent wait=27.1s error=Providers saturés ou indisponibles après 8s (2 retries épuisés)
2026-09-17 06:05:23.057 | ERROR    | llm_gateway.sdk.client:_observe:438 - [ALARME] Gateway LLM : 10 tâches échouées d'affilée (dernière : Providers saturés ou indisponibles après 8s (2 retries épuisés)) — plus aucune décision LLM ne revient. Providers en rate-limit ou gateway indisponible : vérifier /health et docker logs llm_module.
2026-09-17 06:05:23.057 | ERROR    | llm_gateway.sdk.client:_observe:457 - [ALARME] Disjoncteur gateway LLM OUVERT après 10 échecs consécutifs (dernier : Providers saturés ou indisponibles après 8s (2 retries épuisés)). Les soumissions LLM sont SUSPENDUES — la simulation attend le rétablissement (renouvellement des quotas / retour du service), aucune décision n'est dégradée. Une sonde re-testera le gateway toutes les 60s ; la reprise est automatique.
2026-09-17 06:05:23.057 | WARNING  | urban_mobility_agents.agents.llm_agent:evaluate_and_choose_travel_plan:1448 - aplan_trip: gateway a retourné un résultat invalide pour 1221607: Providers saturés ou indisponibles après 8s (2 retries épuisés)
2026-09-17 06:05:23.058 | WARNING  | llm_gateway.sdk.client:_observe:427 - Task failed | task_id=49e2d93a-e634-4735-b406-e8a2e6dc4ab6 category=itinary_multi_agent wait=27.1s error=Providers saturés ou indisponibles après 8s (2 retries épuisés)
2026-09-17 06:05:23.058 | WARNING  | urban_mobility_agents.agents.llm_agent:evaluate_and_choose_travel_plan:1448 - aplan_trip: gateway a retourné un résultat invalide pour 1209953: Providers saturés ou indisponibles après 8s (2 retries épuisés)
2026-09-17 06:05:23.064 | WARNING  | llm_gateway.sdk.client:_observe:427 - Task failed | task_id=17cf3bb3-91b8-4080-a2f8-ce52206f2821 category=itinary_multi_agent wait=27.1s error=Providers saturés ou indisponibles après 8s (2 retries épuisés)
2026-09-17 06:05:23.064 | WARNING  | urban_mobility_agents.agents.llm_agent:evaluate_and_choose_travel_plan:1448 - aplan_trip: gateway a retourné un résultat invalide pour 1222096: Providers saturés ou indisponibles après 8s (2 retries épuisés)
2026-09-17 06:05:23.065 | WARNING  | llm_gateway.sdk.client:_observe:427 - Task failed | task_id=bd5045f3-4bd5-491d-b549-1eeabda9dd67 category=itinary_multi_agent wait=27.1s error=Providers saturés ou indisponibles après 8s (2 retries épuisés)
2026-09-17 06:05:23.065 | WARNING  | urban_mobility_agents.agents.llm_agent:evaluate_and_choose_travel_plan:1448 - aplan_trip: gateway a retourné un résultat invalide pour 1209905: Providers saturés ou indisponibles après 8s (2 retries épuisés)
2026-09-17 06:05:23.069 | WARNING  | llm_gateway.sdk.client:_observe:427 - Task failed | task_id=0be45d9d-498c-4179-b72f-36a1292b2c3f category=itinary_multi_agent wait=27.1s error=Providers saturés ou indisponibles après 8s (2 retries épuisés)
2026-09-17 06:05:23.069 | WARNING  | urban_mobility_agents.agents.llm_agent:evaluate_and_choose_travel_plan:1448 - aplan_trip: gateway a retourné un résultat invalide pour 1211276: Providers saturés ou indisponibles après 8s (2 retries épuisés)
2026-09-17 06:05:23.070 | WARNING  | llm_gateway.sdk.client:_observe:427 - Task failed | task_id=6e112bf3-31b5-4858-b1f9-cd7218ad6e86 category=itinary_multi_agent wait=27.1s error=Providers saturés ou indisponibles après 8s (2 retries épuisés)
2026-09-17 06:05:23.070 | WARNING  | urban_mobility_agents.agents.llm_agent:evaluate_and_choose_travel_plan:1448 - aplan_trip: gateway a retourné un résultat invalide pour 1219011: Providers saturés ou indisponibles après 8s (2 retries épuisés)
2026-09-17 06:05:23.071 | WARNING  | llm_gateway.sdk.client:_observe:427 - Task failed | task_id=6648d8cc-3671-441b-afad-3f44644a2bbf category=itinary_multi_agent wait=27.1s error=Providers saturés ou indisponibles après 8s (2 retries épuisés)
2026-09-17 06:05:23.071 | WARNING  | urban_mobility_agents.agents.llm_agent:evaluate_and_choose_travel_plan:1448 - aplan_trip: gateway a retourné un résultat invalide pour 1217313: Providers saturés ou indisponibles après 8s (2 retries épuisés)
2026-09-17 06:05:27.957 | INFO     | experiences.runner:boucle:387 - [execution] 2684/3161 déplacements (84.9 %) · 755/894 personnes · 4585 s écoulées · reste ≈ 815 s · sollicitations 2175 · attentes 21 {'passerelle_occupee': 21}
2026-09-17 06:05:32.960 | INFO     | experiences.runner:boucle:387 - [execution] 2684/3161 déplacements (84.9 %) · 755/894 personnes · 4590 s écoulées · reste ≈ 816 s · sollicitations 2175 · attentes 21 {'passerelle_occupee': 21}
2026-09-17 06:05:33.288 | ERROR    | experiences.runner:executer:928 - [ALARME] dénominateur incohérent : 3161 exploitables dérivés du jeu à l'ouverture, 3179 observés à la clôture (120 inexploitables archivés contre 138 attendus). La couverture publiée retient le dénominateur d'ouverture.
2026-09-17 06:05:33.288 | WARNING  | experiences.runner:executer:937 - [execution] 120 déplacement(s) INEXPLOITABLES exclus des attendus — aucune proposition des moteurs (origine_egale_destination × 120) ; personnes : 1008582, 1043484, 1043578, 1127258, 1160393, 1165065, 1183117, 122192, 130368, 130369…
2026-09-17 06:05:33.311 | ERROR    | experiences.archive:changer_etat:291 - [execution] 2026-09-17_02_47_58 → epuisee — epuise: mistral_large3_key1 : 843/∞ requêtes/jour (désactivée côté passerelle : erreurs consécutives ou cooldown) — reprise possible à 2026-09-17T07:00:00+00:00
2026-09-17 06:05:33.312 | ERROR    | experiences.runner:executer:997 - [ALARME] [execution] 2026-09-17_02_47_58 épuisée — epuise: mistral_large3_key1 : 843/∞ requêtes/jour (désactivée côté passerelle : erreurs consécutives ou cooldown) ; reprise possible à 2026-09-17T07:00:00+00:00 ; 2798/3299 archivées
2026-09-17 06:05:33.511 | WARNING  | experiences.runner:executer:1052 - [execution] Exécution epuisee 2026-09-17_02_47_58 en 4590.6 s — décidés 2672, non couverts 0, inexploitables exclus 120, sans solution 6, choix unique 518, replis 9, attentes 25 · erreurs 0 · sollicitations 2179, resservies 0
2026-09-17 06:05:33.520 | INFO     | experiences.reservations:liberer:235 - [reservations] libère ['mistral_key1'] (exécution close)
AVERTISSEMENT : niveau de réflexion 'high' demandé, mais aucun `thinking_levels` n'est déclaré pour 'mistral-large-2512' : impossible de vérifier que le modèle l'accepte
mémoire : coupée — fenêtre d'âge au rappel 1 j (horizon 1 j, plafond 60 j)
instances admises : mistral_large3_key1 (dérivées du modèle 'mistral-large-2512', portée distant)
[EqasimJSONPopulationLoader] Loaded 1000 people from pre-loaded data
{
 "attendus": 3299,
 "inexploitables": 120,
 "attendus_exploitables": 3161,
 "decides": 2672,
 "non_couverts": 0,
 "sans_solution": 6,
 "choix_unique": 518,
 "replis_uniformes": 9,
 "attentes": 25,
 "attentes_par_type": {
  "passerelle_occupee": 21,
  "epuise": 4
 },
 "erreurs": 0,
 "erreurs_par_type": {},
 "sollicitations": 2179,
 "resservies": 0,
 "substitution_refusee": 0,
 "couverture": {
  "decides": 2672,
  "attendus": 3161,
  "attendus_bruts": 3299,
  "inexploitables_exclus": 120,
  "taux": 0.8453021195824106
 },
 "duree_s": 4590.625,
 "etat": "epuisee"
}
exécution : /app/data/experiences/exp_mistral-l-25_proexp05_jtir_pop-1000_PANEL_v6_jeu-20260316_EN_c_t0_nosim/executions/2026-09-17_02_47_58
